age,workclass,fnlwgt,education,marital-status,occupation,relationship,race,gender,capital-gain,capital-loss,hours-per-week,native-country,income
56,4,33115,11,0,8,4,4,0,0,0,40,39,0
25,4,112847,11,2,14,3,3,1,0,0,40,39,0
43,4,170525,9,0,10,1,4,0,14344,0,40,39,1
32,4,186788,11,2,14,0,4,1,0,0,40,39,0
39,4,277886,9,2,12,5,4,0,0,0,30,39,0
20,4,323009,11,4,1,4,4,0,0,0,40,11,0
54,4,146834,11,0,14,1,4,1,0,0,45,39,0
25,4,166977,9,2,10,5,4,0,0,1887,40,39,1
30,4,209317,11,4,7,1,4,1,0,0,50,6,0
33,4,92865,15,4,1,3,4,0,0,0,40,39,0
42,6,83953,15,2,5,0,4,1,0,0,70,39,0
24,4,211527,9,4,1,1,4,1,0,0,30,39,0
48,4,50880,15,2,3,0,4,1,0,0,40,11,0
21,4,253583,1,4,6,3,4,1,0,0,45,39,0
37,7,117651,9,4,10,2,4,1,0,0,40,39,0
36,6,64875,8,2,13,0,4,1,0,0,60,39,0
26,4,212798,9,4,4,1,4,0,0,0,45,39,0
25,4,521400,4,4,7,2,4,1,0,0,40,26,0
66,6,37170,11,2,1,0,4,1,0,0,42,39,1
37,4,472517,8,0,8,1,4,0,0,0,4,39,0
54,4,188136,9,0,12,1,4,0,0,1408,38,39,0
45,4,172274,10,0,10,4,2,0,0,3004,35,39,1
33,4,177727,11,2,12,0,4,1,0,0,40,39,1
67,0,182378,9,2,0,0,4,1,9386,0,60,39,1
31,4,375680,9,4,10,4,2,0,0,0,40,0,0
22,4,227994,15,3,1,3,1,0,0,0,39,39,0
62,0,139391,15,2,0,0,4,1,0,0,24,39,0
22,7,264102,15,4,8,2,2,1,0,0,39,14,0
24,2,317443,9,2,10,5,2,0,0,0,40,39,0
32,4,90446,0,2,3,0,4,1,0,0,40,39,0
35,2,103260,12,2,10,5,4,0,0,0,35,39,1
45,7,276157,9,2,10,0,4,1,0,0,40,39,1
40,4,246949,11,0,7,3,4,1,0,0,40,39,0
27,4,419146,4,4,8,1,4,1,0,0,75,26,0
32,4,86723,11,4,8,1,4,1,0,0,52,39,0
34,4,114973,11,5,4,4,4,0,0,0,30,39,0
58,6,189528,11,2,12,0,4,1,0,0,84,39,0
25,4,67467,11,2,13,0,4,1,0,0,40,39,0
44,6,230684,11,2,14,0,4,1,0,0,55,39,0
21,4,417668,11,4,6,3,4,1,0,0,36,39,0
61,4,87300,11,0,8,1,4,0,0,0,40,39,0
18,4,205894,1,4,12,3,4,1,0,0,15,39,0
40,4,170730,11,2,3,0,4,1,0,0,50,39,0
31,4,382583,11,4,7,3,2,1,0,0,40,39,0
28,4,232945,11,5,6,1,3,1,0,0,30,39,0
26,4,53209,11,4,8,3,4,1,0,0,40,39,0
46,4,151325,0,2,3,0,4,1,0,0,40,39,0
27,6,153805,15,2,14,2,3,1,0,0,50,7,1
51,4,334679,8,6,10,4,1,0,0,0,40,39,0
50,7,137815,9,2,3,0,4,1,0,0,40,39,1
42,6,170649,15,2,5,0,4,1,0,0,60,39,0
20,4,188923,15,4,8,3,4,0,0,0,37,39,0
45,4,38950,9,4,3,1,4,1,0,0,40,39,0
50,4,167065,9,2,4,0,4,1,0,0,40,39,1
44,4,129100,1,5,8,4,2,0,0,0,60,39,0
47,4,73394,15,2,4,5,4,0,0,0,50,39,0
49,4,27802,15,2,3,0,4,1,0,1887,40,39,1
47,4,270079,5,2,3,0,4,1,0,0,40,39,0
61,7,224638,11,6,1,1,4,0,0,0,40,39,0
40,4,254167,0,5,14,3,4,1,0,0,35,39,0
39,4,187921,11,2,14,0,4,1,0,0,99,39,0
28,4,239753,11,4,8,1,4,0,0,0,40,39,0
30,4,29662,7,2,8,5,4,0,0,0,25,39,1
23,4,131230,11,4,8,3,4,1,0,0,20,39,0
30,4,175690,15,4,1,4,2,0,0,0,40,39,0
35,4,105821,11,2,4,0,4,1,5178,0,40,39,1
39,4,357118,9,4,4,1,4,0,0,1974,40,39,0
30,4,169583,9,1,4,5,4,0,0,0,40,39,1
39,7,122353,9,2,10,0,4,1,0,0,45,39,1
33,4,162930,9,2,10,0,4,1,0,0,50,22,0
20,0,424034,15,4,0,3,4,1,0,0,15,39,0
21,2,176998,11,4,10,1,4,1,0,0,40,39,0
47,4,158286,12,2,4,0,4,1,0,0,50,39,1
43,4,152420,15,2,7,0,2,1,0,0,50,39,0
24,4,161092,9,4,4,1,4,1,0,0,40,39,0
59,4,59584,11,2,7,0,2,1,0,0,40,39,0
42,4,144594,11,2,3,0,4,1,0,0,40,39,1
48,4,105138,11,0,4,4,1,0,0,0,40,39,0
28,4,180299,11,2,3,0,4,1,0,0,48,39,0
72,6,473748,11,2,12,0,4,1,0,0,30,39,0
41,4,289551,11,2,6,0,4,1,7688,0,40,39,1
23,4,117618,15,4,6,3,4,1,0,0,35,39,0
27,4,247978,11,4,8,3,2,0,0,0,40,39,0
21,4,51985,11,4,3,1,4,1,0,0,40,39,0
38,4,35890,11,2,14,0,4,1,0,0,40,39,0
47,1,326048,11,2,3,0,4,1,0,0,40,39,0
28,1,72514,15,4,1,1,2,0,0,0,72,39,0
26,4,208881,9,4,12,1,4,1,0,0,42,39,0
46,4,160647,9,6,13,4,4,0,0,0,38,39,0
51,4,202752,2,5,14,1,2,1,0,0,40,39,0
33,4,254221,11,4,1,1,4,0,0,0,40,39,0
34,4,87310,11,4,6,3,4,1,2174,0,40,39,0
40,0,104196,11,5,0,3,4,1,0,0,45,39,0
51,2,97005,5,2,14,0,4,1,0,0,40,39,0
42,4,311920,9,2,4,5,4,0,0,1485,17,39,1
30,4,267281,9,4,10,1,4,1,0,0,50,39,0
30,4,272669,15,4,13,1,1,1,0,0,40,39,0
35,4,202027,9,2,6,0,4,1,7298,0,35,39,1
57,4,279636,8,4,3,1,4,1,0,0,40,39,1
49,4,186256,15,2,1,0,4,1,0,0,40,39,0
44,2,58124,9,0,10,4,4,1,0,0,45,39,0
69,0,473040,4,0,0,1,4,1,0,0,40,39,0
54,4,111130,15,2,10,0,1,1,0,0,50,39,1
32,4,118551,9,2,1,5,4,0,0,0,35,0,1
27,4,262723,15,4,7,4,2,1,0,0,40,39,0
53,5,134854,8,2,4,0,4,1,0,0,40,12,1
19,4,216413,15,4,8,3,4,0,0,0,20,39,0
26,4,241852,2,4,3,4,4,1,0,0,40,39,0
37,4,176967,15,2,3,0,4,1,0,0,50,39,1
74,6,45319,2,2,8,0,4,1,1409,0,20,2,0
19,4,278304,15,4,8,3,4,0,0,0,15,39,0
68,4,99849,11,6,7,1,4,0,0,0,28,39,0
54,2,188588,4,4,7,1,4,1,0,2001,35,39,0
26,6,218993,9,4,10,3,4,1,0,0,30,39,0
51,4,182944,11,6,13,4,2,0,0,0,40,39,0
34,4,154874,11,4,7,1,4,1,4416,0,30,39,0
47,5,209460,15,2,4,0,4,1,4386,0,40,39,1
55,4,247552,15,2,12,0,4,1,0,0,56,39,0
35,7,238591,15,5,14,1,2,1,0,0,40,39,0
40,4,157403,15,4,3,4,4,1,0,0,38,39,0
41,4,184630,9,0,6,1,4,1,4416,0,40,39,0
33,4,107248,8,4,1,1,4,1,0,0,45,39,0
47,1,68493,11,2,1,0,2,1,0,0,40,39,1
67,2,342175,12,0,1,1,4,0,2009,0,40,39,0
25,4,80312,8,4,1,1,4,0,4865,0,40,39,0
31,4,265509,8,5,13,4,2,0,0,0,32,39,0
39,4,393480,11,5,6,1,2,1,0,0,40,39,0
48,2,452402,10,4,10,4,2,0,0,0,15,39,0
33,4,198727,11,0,13,1,4,0,0,0,40,39,0
45,5,363298,9,2,4,0,2,1,0,0,45,39,1
24,6,35448,11,5,8,4,4,0,0,0,50,39,0
38,4,332154,9,2,4,0,1,1,0,0,60,39,1
23,4,203139,15,4,8,2,4,0,0,0,40,39,0
35,4,115215,15,4,14,3,4,1,0,0,45,39,0
71,4,228806,6,0,9,1,2,0,0,0,6,39,0
37,4,168941,1,0,3,1,4,1,0,0,40,39,0
41,4,165815,15,2,4,0,4,1,0,0,60,39,0
52,4,101113,11,2,14,0,4,1,0,0,66,39,1
35,6,77146,11,2,3,0,4,1,2829,0,45,39,0
47,4,284907,11,2,4,0,4,1,0,0,40,39,0
37,4,35330,11,0,3,1,4,1,0,1669,55,39,0
60,1,27466,15,6,4,1,4,0,0,0,40,9,0
42,2,180985,0,2,6,0,4,1,99999,0,40,39,1
52,4,202956,5,2,3,0,4,1,0,0,40,39,0
59,5,132559,10,2,3,0,4,1,0,1977,55,39,1
24,4,86745,9,4,1,2,1,0,0,0,16,39,0
52,7,334273,7,2,12,0,4,1,0,0,40,39,1
41,4,187881,15,2,12,0,4,1,3942,0,40,39,0
24,4,278107,11,4,3,3,4,1,0,0,60,39,0
40,1,544792,15,2,5,0,4,1,0,0,40,39,0
19,7,73009,15,4,1,3,4,1,0,0,15,39,0
32,4,399088,9,4,4,1,4,0,0,0,45,39,0
20,4,277700,13,4,8,3,4,1,0,0,32,39,0
22,4,113703,15,4,12,2,4,1,0,0,20,39,0
47,6,294671,11,2,12,0,4,1,0,0,55,39,1
22,5,333197,11,4,4,3,4,1,0,2205,45,39,0
21,4,449101,11,4,4,1,4,0,0,0,40,39,0
24,4,408585,5,2,5,3,4,0,0,0,45,26,0
31,4,87535,15,4,7,1,4,0,0,0,25,39,0
56,4,340171,11,2,14,0,2,1,0,0,40,39,0
23,4,394612,9,4,13,3,2,1,0,0,40,39,0
23,4,195411,11,4,1,4,2,0,0,0,40,39,0
46,2,167159,15,2,11,0,4,1,0,0,70,39,1
35,4,189922,11,2,3,0,4,1,0,0,40,39,0
43,4,208045,12,4,10,1,4,1,0,0,40,39,1
37,4,222450,4,2,7,0,4,1,0,0,40,8,0
37,4,255454,5,2,7,0,2,1,7298,0,35,14,1
27,1,47907,9,4,1,1,4,0,0,0,40,39,0
29,4,135791,9,2,4,5,4,0,15024,0,50,5,1
21,4,143582,9,4,10,3,1,0,0,0,45,39,0
29,4,239753,11,2,1,5,4,0,0,2057,20,39,0
41,6,190290,11,0,3,1,4,1,0,0,40,39,0
35,4,90273,5,2,7,0,4,1,0,0,40,0,1
36,6,129150,11,2,5,0,4,1,0,0,50,39,1
29,4,184224,11,4,14,3,4,1,0,0,40,39,0
22,4,54560,11,2,14,0,4,1,0,0,60,39,0
38,4,65324,14,2,10,0,4,1,0,0,40,39,1
53,4,30244,7,2,4,0,4,1,15024,0,40,39,1
34,4,140092,11,4,13,1,4,1,0,0,40,39,0
21,4,321369,0,4,3,3,4,1,0,0,40,39,0
31,4,110643,9,2,10,0,4,1,0,0,40,39,1
67,6,152102,11,6,5,1,4,1,0,0,65,39,0
20,4,218215,15,4,1,3,4,0,0,0,40,39,0
29,0,208406,11,4,0,1,4,1,0,0,35,39,0
34,4,608881,11,4,3,1,2,1,0,0,40,39,0
32,4,72591,11,2,3,0,4,1,0,0,40,39,0
32,4,155232,9,0,11,1,2,1,0,0,60,39,1
29,4,131712,1,4,3,1,4,1,0,0,40,39,0
39,6,152587,11,4,3,3,4,1,0,0,40,39,0
58,2,215245,9,4,10,1,4,0,0,0,37,39,0
46,4,233493,11,2,7,0,4,1,0,1579,40,39,0
37,4,215503,11,2,4,0,4,1,4386,0,45,39,1
43,4,248186,7,4,1,1,4,0,0,0,38,39,0
50,4,120914,1,2,3,0,4,1,0,0,40,39,0
51,4,256051,1,2,14,0,2,1,0,1628,40,39,0
67,0,350525,15,2,0,0,4,1,0,0,15,39,1
48,5,200471,9,2,4,0,4,1,0,0,40,39,1
32,4,130007,0,0,12,3,4,0,0,0,35,39,0
39,5,329980,9,2,4,0,4,1,15024,0,50,39,1
41,5,299813,6,2,12,5,4,0,0,0,70,6,0
40,5,182629,9,0,4,1,4,1,0,0,40,39,0
36,4,358373,11,5,7,1,2,0,0,0,36,39,0
47,4,140644,11,2,4,0,4,1,0,0,40,39,1
65,4,176796,10,6,10,1,4,0,0,0,40,39,0
54,4,329733,11,4,4,4,4,1,0,0,40,39,1
63,0,106648,11,2,0,0,4,1,0,0,25,39,0
48,4,80651,11,0,7,1,4,0,0,0,55,39,0
32,1,566117,15,0,1,4,4,0,0,0,40,39,0
25,4,208117,9,4,10,2,4,1,0,0,40,39,0
37,5,183800,7,2,12,0,4,1,0,1887,40,39,1
20,4,197752,15,4,1,3,4,1,0,0,16,39,0
32,4,264554,15,2,13,0,4,1,0,0,40,39,1
41,4,287037,15,4,5,1,4,1,0,0,40,39,0
27,4,333990,8,4,4,3,4,0,0,0,40,39,0
55,2,177163,12,6,10,4,4,0,914,0,50,39,0
67,6,268514,9,0,10,1,4,1,0,0,40,39,0
69,6,187332,14,2,10,0,4,1,20051,0,45,39,1
38,4,170174,0,2,7,0,4,1,0,0,40,39,1
41,6,129865,11,2,8,0,4,1,0,0,60,39,0
46,2,36228,11,2,3,0,4,1,0,1902,40,39,0
32,4,261059,15,4,8,1,4,1,0,0,50,39,0
36,4,94954,11,0,14,1,4,0,0,0,40,39,0
44,6,92162,11,0,3,1,4,1,0,0,40,39,0
32,4,149787,8,2,3,0,4,1,0,0,50,39,1
26,5,384276,15,2,4,0,4,1,0,0,60,39,1
18,0,103497,15,4,0,3,4,0,0,0,30,39,0
55,4,124137,11,3,7,1,4,1,0,0,40,31,0
38,4,101192,15,4,8,1,4,1,0,0,40,39,0
49,4,255559,15,2,1,5,4,0,0,0,40,39,1
42,6,178780,12,2,4,0,4,1,0,0,50,39,1
24,4,325744,11,4,3,1,4,1,0,0,40,39,0
27,1,285432,7,4,14,1,2,1,0,0,40,39,0
28,4,108706,11,2,13,5,4,0,0,0,40,39,1
24,4,241857,15,4,1,1,2,0,0,0,35,39,0
26,4,248990,1,2,1,0,4,1,0,0,40,39,1
23,4,248978,1,2,6,0,4,1,0,0,40,26,0
23,4,178207,15,4,6,4,0,0,0,0,35,39,0
22,4,141698,0,4,3,4,4,1,0,0,40,39,0
31,6,349148,15,2,7,0,4,1,0,0,48,39,0
30,6,113838,8,2,12,0,4,1,3137,0,60,11,0
17,4,566049,0,4,8,3,4,1,0,0,8,39,0
39,7,235379,7,0,10,1,4,0,0,0,40,39,0
53,4,153486,11,5,14,1,4,1,0,0,30,39,0
33,4,243330,11,2,7,0,4,1,0,0,55,39,0
26,2,197764,9,4,10,1,4,0,0,0,40,39,0
34,4,344275,12,4,10,1,4,1,0,0,60,0,1
30,4,122042,12,2,4,0,4,1,0,0,45,39,1
36,4,370156,11,0,1,4,4,0,0,0,38,39,0
26,4,179569,15,4,1,1,4,0,0,0,40,39,0
54,4,447555,0,2,14,0,2,1,0,0,40,39,0
58,4,123886,11,4,12,2,2,0,0,0,40,39,0
70,6,143833,15,2,4,0,4,1,0,2246,40,39,1
20,4,400443,11,4,12,3,4,0,0,0,20,39,0
46,4,288608,11,4,3,3,4,1,0,0,40,39,0
48,4,156926,9,2,12,0,4,1,0,0,45,39,1
33,6,33404,11,0,3,1,4,1,0,0,65,39,1
49,0,95636,0,0,0,1,4,1,0,0,40,39,0
55,4,236731,3,4,8,1,4,1,0,0,40,6,0
20,4,246635,15,4,12,3,4,0,2597,0,20,39,0
35,6,134498,15,4,4,3,4,1,0,0,45,39,1
29,4,94880,15,3,3,2,4,1,0,0,40,26,0
25,4,335522,6,4,6,1,4,1,0,0,40,26,0
35,5,99146,8,2,3,0,4,1,0,0,55,39,0
27,4,180758,15,2,6,0,4,1,0,0,30,39,0
47,6,213745,15,0,8,4,4,0,0,0,45,39,0
27,4,420351,11,4,1,1,4,1,0,0,45,39,0
48,5,196689,9,2,12,0,4,1,0,0,40,39,1
31,4,381153,15,4,4,4,4,1,0,0,60,39,0
42,0,32533,15,4,0,1,4,1,0,0,45,39,0
29,4,24562,9,0,8,4,3,0,0,0,40,39,0
19,4,96483,11,4,8,3,1,0,0,0,40,39,0
39,4,115076,15,2,7,0,4,1,0,0,40,39,0
32,7,479179,1,4,11,3,4,1,0,0,40,39,0
58,0,175017,9,0,0,1,4,1,0,0,25,39,0
47,4,316101,11,0,1,1,4,0,0,0,40,39,0
43,6,194726,11,0,3,3,4,1,0,0,35,39,0
32,4,31714,15,0,1,2,4,0,4865,0,40,39,0
43,5,196945,11,2,8,0,1,1,0,0,78,37,0
23,4,179413,11,2,3,0,4,1,0,0,40,39,0
44,4,86298,9,4,10,1,4,1,0,0,45,39,0
41,4,164612,9,2,4,0,4,1,0,1887,50,39,1
21,4,162667,11,2,3,2,4,1,0,0,40,7,0
50,6,42402,14,2,10,0,4,1,0,2415,30,39,1
45,4,33794,12,2,8,0,4,1,0,0,40,39,0
65,4,350498,9,2,1,0,4,1,10605,0,20,39,1
40,4,103759,11,0,3,1,4,1,0,0,40,39,0
18,4,220836,1,4,8,1,4,0,0,0,20,39,0
69,4,185691,1,2,1,0,4,1,0,0,20,39,0
53,2,207449,0,2,8,0,4,1,0,0,40,39,0
29,6,341672,11,3,14,2,1,1,0,1564,50,19,1
24,0,43535,15,2,0,5,4,0,0,0,30,39,0
36,4,24504,11,0,1,4,4,0,0,0,40,39,0
58,2,489085,9,2,10,0,2,1,0,0,40,39,0
38,4,412296,11,0,3,3,4,1,0,0,28,39,0
44,4,245317,11,2,14,0,4,1,0,0,40,39,0
46,5,168211,11,2,4,0,4,1,0,0,75,39,1
19,4,250249,15,4,1,3,4,0,0,0,10,39,0
50,4,135339,2,2,12,0,1,1,0,0,40,1,1
42,4,175943,9,4,1,3,4,0,0,0,35,39,0
58,4,320102,10,2,10,0,4,1,0,0,50,39,1
57,4,106910,11,0,1,4,1,0,0,0,40,39,0
44,4,304530,15,0,3,1,4,1,0,0,55,39,0
36,0,139770,15,0,0,3,4,0,0,0,32,39,0
45,4,199590,4,2,14,0,4,1,0,0,38,26,0
42,4,247019,11,2,3,0,2,1,0,0,40,39,1
49,4,175958,15,2,12,0,4,1,0,0,80,39,1
44,4,211531,15,2,4,0,4,1,0,0,50,39,0
25,4,120596,9,4,10,1,4,1,0,0,44,39,0
37,4,199739,15,0,3,3,4,1,0,0,40,39,0
24,4,197200,11,4,3,3,4,1,0,0,44,39,0
36,4,289223,15,2,1,5,4,0,0,1848,40,39,1
27,4,278122,11,4,14,3,4,1,0,0,40,39,0
37,4,66304,6,2,11,0,4,1,0,0,16,39,0
33,4,255004,15,4,12,1,4,1,0,0,50,39,0
43,4,177905,15,2,10,0,4,1,0,0,40,39,1
35,4,283122,15,2,13,0,4,1,0,0,45,39,0
60,0,88675,11,2,0,0,4,1,0,0,40,39,0
58,4,234213,11,0,3,1,4,1,14344,0,48,39,1
29,6,394927,15,4,3,1,4,1,0,0,45,39,0
48,0,63466,11,3,0,4,4,0,0,0,32,39,0
33,4,618191,11,4,4,1,4,0,0,0,40,39,0
66,4,298834,15,2,11,0,4,1,0,0,40,2,0
53,4,202720,6,3,7,4,2,1,0,0,75,14,0
25,4,199947,11,2,1,5,4,0,0,0,40,39,0
51,4,186338,11,2,3,0,4,1,0,0,40,39,1
28,1,188278,9,4,11,1,4,1,0,0,50,39,0
30,4,172403,11,0,3,1,4,1,0,0,30,39,0
34,0,35595,9,2,0,0,4,1,0,0,30,39,0
27,4,588905,11,2,3,0,4,1,0,0,40,39,0
34,4,197886,9,2,12,0,4,1,0,0,60,39,1
35,7,210866,11,2,8,0,4,1,0,0,40,39,0
68,6,195881,11,2,5,0,4,1,2414,0,40,39,0
34,4,182274,15,2,4,5,4,0,0,1887,40,39,1
65,0,94809,11,6,0,1,4,0,0,0,40,39,0
37,4,103323,7,2,12,0,4,1,0,0,40,39,0
26,4,171114,9,4,1,1,4,0,0,0,40,39,0
26,6,163189,11,4,12,3,4,1,0,0,40,39,0
55,0,487411,12,2,0,0,4,1,0,0,40,39,1
63,4,346975,9,2,10,5,4,0,7688,0,36,39,1
20,4,105312,11,4,12,1,4,0,0,0,35,39,0
37,4,253006,15,5,12,1,4,1,0,0,45,39,0
47,4,176893,11,0,3,1,2,1,8614,0,44,39,1
31,4,188961,7,4,13,3,4,0,0,0,40,39,0
47,6,166894,15,0,10,4,2,0,0,0,40,39,0
22,4,236684,8,4,8,3,2,0,0,0,36,39,0
52,4,214091,11,6,8,1,0,0,0,0,40,39,0
41,4,175674,15,2,12,0,4,1,0,0,40,39,1
42,6,248094,11,2,5,0,4,1,0,0,50,39,0
46,6,181372,9,4,5,1,4,0,0,0,40,39,0
39,4,280570,9,2,4,0,4,1,0,0,45,39,0
32,4,98656,12,4,4,1,4,0,0,0,40,39,0
27,2,163320,7,4,11,3,4,1,0,0,40,39,0
28,4,192200,9,2,10,0,4,1,0,0,40,0,0
21,4,472861,1,4,6,3,2,1,0,0,40,39,0
50,6,240612,9,0,10,1,4,0,0,0,60,39,0
61,1,95680,7,2,4,0,1,1,3103,0,40,39,1
45,4,151817,12,5,13,4,4,0,0,0,36,39,0
35,4,234901,15,2,3,0,4,1,2407,0,40,39,0
26,7,287420,9,4,10,1,4,0,0,0,60,39,0
51,5,124963,12,2,12,0,4,1,0,0,40,39,1
29,1,244473,9,2,4,0,4,1,7688,0,40,39,1
27,4,210867,5,4,5,3,4,1,0,0,50,0,0
47,5,207540,5,2,3,0,4,1,0,0,40,0,0
24,4,257621,9,4,4,1,4,0,0,0,40,39,0
21,4,225724,15,4,1,3,4,0,0,0,20,39,0
51,4,157043,1,6,6,4,2,0,0,0,40,39,0
50,0,204577,9,2,0,0,2,1,0,1902,60,39,1
62,1,34916,15,2,10,0,4,1,0,0,40,39,1
48,4,379883,12,2,10,0,4,1,0,0,40,5,1
56,4,261232,11,4,3,1,4,1,0,0,40,39,0
48,4,117849,15,2,10,0,4,1,0,0,40,39,1
21,4,214387,15,4,12,2,4,1,0,0,64,39,0
57,4,78020,11,2,3,0,4,1,0,0,40,39,1
31,4,59083,15,2,8,0,4,1,0,1672,50,39,0
40,7,255824,12,2,11,0,4,1,0,0,40,39,1
29,4,341846,12,4,10,1,4,0,0,0,50,39,0
52,1,165050,11,4,1,1,4,1,0,0,48,39,1
54,5,96460,11,2,4,0,4,1,7688,0,60,39,1
34,2,229531,7,2,10,0,4,1,0,0,60,39,0
29,4,51944,11,2,8,5,4,0,4386,0,40,39,1
60,4,71683,6,2,7,0,4,1,0,0,49,39,0
19,4,63814,15,4,1,1,4,0,0,0,18,39,0
20,4,146538,11,2,7,0,4,1,0,0,40,39,0
25,4,199224,15,4,6,3,4,1,0,0,30,39,0
17,4,108402,0,4,12,3,4,0,0,0,20,39,0
52,4,266138,9,2,4,0,4,1,0,0,40,0,1
31,4,240283,9,2,1,5,4,0,0,0,40,39,1
72,0,305145,9,6,0,1,4,1,0,0,4,39,0
37,4,130620,2,2,12,5,1,0,0,0,33,0,0
47,2,80282,9,2,10,0,4,1,3137,0,40,39,0
31,4,292592,11,2,7,5,4,0,0,0,40,39,0
27,4,312485,11,4,6,3,4,1,0,0,32,39,0
42,4,121055,15,4,12,1,4,1,0,0,45,39,0
37,4,222450,1,3,8,2,4,1,0,0,40,8,0
31,4,219117,15,0,4,4,4,0,5455,0,60,39,0
48,6,58683,15,2,12,0,4,1,0,0,70,39,1
23,4,184271,9,4,10,1,4,0,0,0,36,39,0
17,4,28031,6,4,8,3,4,1,0,0,16,39,0
41,4,243607,4,2,1,0,4,1,0,0,40,26,0
31,4,326862,15,0,3,3,2,1,0,0,40,39,0
66,6,174788,15,4,12,1,4,0,0,0,20,39,0
43,4,184099,7,2,14,0,4,1,0,0,40,39,0
34,4,113838,15,2,3,0,4,1,0,0,45,39,0
55,4,189933,15,2,14,0,4,1,0,0,84,39,0
67,6,217892,10,2,10,0,4,1,10605,0,35,39,1
55,4,190508,15,2,14,0,2,1,0,0,35,39,0
39,4,256294,11,2,8,0,2,1,0,0,40,39,0
55,0,216941,11,2,0,5,4,0,2885,0,40,39,0
34,4,140011,11,4,3,3,4,1,0,0,45,39,0
28,4,312588,0,0,8,1,4,0,0,0,40,39,0
35,4,155961,11,4,8,3,2,0,0,0,35,23,0
39,4,89508,9,2,12,0,4,1,0,0,40,39,0
47,1,329205,9,0,10,4,4,1,0,0,40,39,0
39,4,201410,11,2,6,0,4,1,0,0,40,39,0
23,4,161478,15,4,8,3,1,0,0,0,23,39,0
35,4,54363,7,2,4,0,4,1,0,0,50,39,1
29,4,184806,7,4,8,3,4,1,0,0,20,39,0
32,4,128002,8,2,1,5,4,0,0,0,45,39,0
40,1,298635,12,2,13,0,1,1,0,1902,40,30,1
60,4,291904,0,0,8,1,2,0,0,0,40,39,0
32,4,370160,15,5,4,4,2,0,0,0,40,39,0
57,7,202765,11,2,3,0,4,1,0,0,40,39,0
39,4,193260,15,2,1,0,1,1,0,0,25,26,0
45,6,277434,9,2,4,0,4,1,0,0,50,39,0
50,6,71609,0,2,4,0,4,1,0,0,60,39,0
44,4,351262,15,2,3,0,2,1,0,0,38,39,1
49,6,165229,8,2,4,0,4,1,0,0,40,39,0
45,4,200363,8,0,4,1,4,0,0,0,44,39,0
36,4,414683,9,2,10,0,2,1,0,0,40,39,0
27,4,198286,15,3,4,1,4,0,0,0,40,39,0
43,5,84924,15,2,12,0,4,1,0,0,44,39,1
18,4,168740,1,4,6,3,4,1,0,0,30,39,0
41,4,79586,9,2,10,0,1,1,0,0,60,3,1
55,4,32365,9,2,4,0,4,1,0,0,45,39,1
41,4,323790,11,0,6,4,4,1,0,0,55,39,0
65,0,190454,1,2,0,0,4,1,0,0,29,39,0
47,7,123219,12,2,10,0,4,1,0,0,38,39,1
36,4,290409,15,2,14,0,4,1,0,0,40,39,0
20,0,244689,15,4,0,1,4,0,0,0,25,39,0
58,4,225394,11,2,3,0,4,1,0,1902,40,39,0
35,0,320084,9,2,0,5,4,0,0,0,55,39,1
54,2,287831,15,2,1,5,2,0,0,0,55,39,1
51,4,71046,15,0,4,4,4,1,0,0,45,34,0
36,4,91275,15,4,1,4,1,0,0,0,40,39,0
28,4,212068,9,4,12,1,4,1,0,1980,40,39,0
57,4,211678,0,0,1,1,4,1,0,0,64,39,0
31,4,103596,11,2,12,0,4,1,0,0,55,39,1
54,6,136224,12,0,10,1,4,0,0,0,30,39,0
38,4,154641,8,2,3,0,4,1,0,0,40,39,0
26,0,109564,11,4,0,3,4,0,0,0,40,39,0
48,7,78529,12,5,10,1,4,1,0,0,60,39,0
39,4,144688,11,2,1,5,2,0,0,0,50,39,0
39,4,30916,11,2,3,0,4,1,0,0,40,39,0
44,4,216116,11,3,8,1,2,0,0,0,40,23,0
27,4,147340,11,4,8,1,4,0,0,0,50,39,1
37,4,258289,11,2,14,0,4,1,0,0,40,39,0
23,4,181820,15,4,6,3,4,1,0,0,20,39,0
61,4,180418,11,2,14,0,4,1,0,0,40,39,1
45,2,187715,11,2,11,0,4,1,0,0,40,39,1
28,4,156300,12,4,4,1,2,0,0,0,45,39,0
45,4,175600,12,2,4,0,4,1,0,0,60,39,0
33,2,83671,9,4,10,1,2,0,0,0,50,39,0
62,0,263374,8,2,0,0,4,1,0,0,40,2,0
41,4,110562,9,2,4,0,4,1,0,0,40,39,0
58,4,200040,11,2,3,0,4,1,0,0,40,39,0
22,4,228394,15,4,1,3,4,0,0,0,36,39,0
57,4,167864,8,6,10,1,4,0,0,0,40,39,0
61,4,149620,15,0,8,1,2,1,0,0,40,39,0
23,4,219519,15,4,12,1,2,0,0,0,30,39,0
28,4,266070,15,4,4,1,4,0,0,0,40,39,0
39,4,195253,11,2,7,0,4,1,0,0,40,39,1
23,4,273049,5,2,5,0,4,1,0,0,20,39,0
33,4,152933,15,4,4,1,4,1,0,0,45,39,0
37,4,178100,12,4,4,1,4,0,0,0,40,39,1
37,1,75073,7,4,11,1,2,1,0,0,42,39,0
29,4,115438,11,5,3,4,4,1,0,0,35,39,0
19,4,168693,11,4,12,3,4,0,0,0,25,39,0
18,4,133654,11,4,1,3,4,0,0,0,40,39,0
44,4,153489,11,4,8,4,4,1,0,0,40,39,0
32,4,44675,10,2,10,0,4,1,0,0,65,39,1
53,2,197054,12,2,10,0,4,1,0,0,40,39,1
21,0,234838,15,4,0,3,4,1,0,0,30,39,0
31,4,103651,9,2,4,0,4,1,0,0,45,39,1
18,2,159032,5,4,5,3,4,1,0,0,40,39,0
31,4,341672,9,2,1,0,1,1,0,0,60,19,0
42,2,245307,9,2,4,0,4,1,0,1977,48,39,1
17,2,99568,0,4,10,3,4,0,0,0,10,39,0
35,4,407913,11,5,8,1,2,1,0,0,40,39,0
21,0,152328,15,4,0,3,4,1,0,0,20,39,0
23,4,302312,11,0,11,1,2,1,0,0,40,39,0
44,4,203761,15,2,4,0,4,1,0,0,45,39,1
25,4,198870,9,4,1,3,2,1,0,0,35,39,0
23,4,138892,11,4,7,3,2,1,0,0,40,39,0
30,4,123397,11,4,6,4,4,0,0,0,40,39,0
25,4,194342,11,4,7,3,4,1,0,0,40,39,0
29,4,250679,11,4,3,1,4,1,0,0,40,39,0
23,4,204641,0,4,6,4,4,1,0,0,50,39,0
50,6,95577,11,2,8,5,4,0,0,0,12,0,0
27,4,341672,15,4,1,2,1,1,0,0,40,19,0
37,4,186191,11,2,8,0,4,1,0,0,45,0,0
39,4,78171,15,3,1,4,0,0,0,0,40,39,0
74,4,209454,4,2,14,0,2,1,0,0,40,39,0
41,4,187802,15,0,13,1,4,1,0,0,50,39,0
34,4,154548,15,4,1,4,4,0,0,0,38,39,0
38,4,91857,11,2,3,0,4,1,0,0,44,39,0
64,6,136405,11,6,5,1,4,1,0,0,32,39,0
20,4,262749,15,4,8,3,4,1,0,0,35,39,0
57,7,283635,15,0,3,1,4,0,0,0,40,39,0
31,4,93106,8,4,1,1,4,0,0,0,40,39,0
64,4,182979,11,2,7,0,4,1,0,0,40,39,0
29,4,59231,15,2,3,0,4,1,0,0,42,39,0
47,6,20946,9,0,8,1,4,0,0,0,40,39,0
75,0,248833,11,1,0,5,4,0,2653,0,14,39,0
57,4,169071,11,0,12,4,4,0,0,0,28,39,0
27,2,332249,11,4,5,3,4,1,0,0,40,39,0
25,4,186294,11,4,1,1,4,0,0,0,50,39,0
27,4,263552,11,4,1,1,4,1,0,0,50,39,0
28,1,236418,15,4,4,1,2,1,0,0,40,39,0
26,7,177035,1,0,8,4,4,0,0,0,40,39,0
35,2,38948,15,2,11,0,4,1,0,0,50,39,0
50,4,260052,9,0,4,4,4,1,15020,0,40,39,1
34,4,159442,11,4,10,1,4,0,0,0,37,21,1
50,2,164127,11,4,8,1,2,0,0,0,40,39,0
21,4,366929,11,2,12,5,4,0,0,0,38,39,0
36,4,114605,8,2,1,0,4,1,0,0,40,39,1
35,4,77146,8,0,4,1,4,1,0,0,45,39,0
31,7,152109,8,0,11,1,4,1,0,0,40,39,0
19,4,174732,15,4,8,3,2,1,0,0,25,39,0
29,4,351871,9,4,12,1,4,1,0,0,50,39,1
24,4,420779,11,2,5,0,2,1,0,0,35,39,0
80,0,91901,11,2,0,0,4,1,0,0,25,39,0
23,1,173851,11,4,2,1,4,1,0,0,8,39,0
19,4,168294,11,4,3,3,4,1,0,0,40,39,0
28,4,435842,9,2,4,0,4,1,0,0,40,39,0
19,4,118535,2,4,12,3,4,0,0,0,18,39,0
47,4,121124,11,2,3,0,4,1,0,0,40,39,1
36,4,558344,11,4,8,1,2,1,0,0,48,39,0
32,4,73498,5,0,8,4,4,0,0,0,40,39,0
30,4,165503,9,4,12,3,4,0,0,0,65,39,0
53,4,303462,11,2,7,0,4,1,0,0,30,39,0
38,4,328301,15,4,12,4,4,0,0,0,40,39,0
25,4,207965,9,4,8,1,4,0,0,0,60,39,0
49,4,222829,12,2,10,0,4,1,0,0,42,39,1
34,4,182006,1,4,1,1,4,0,4416,0,30,39,0
41,4,202872,0,3,3,1,4,0,0,0,40,39,0
24,1,290625,15,4,1,1,2,0,0,0,41,39,0
47,1,87504,9,0,13,4,4,0,0,0,50,39,0
23,0,302836,7,2,0,0,4,1,0,0,40,8,0
51,2,146181,6,2,14,0,2,1,0,0,40,39,0
44,4,92649,11,2,3,5,4,0,0,0,40,39,1
68,0,103161,11,6,0,1,4,1,0,0,32,39,0
38,4,187046,1,2,3,0,4,1,0,0,45,39,0
21,4,303187,15,4,6,3,1,1,0,0,40,30,0
43,2,212490,8,0,1,1,2,0,0,0,40,39,0
24,4,127753,2,4,3,2,4,1,0,0,40,39,0
26,4,206721,9,4,12,3,4,1,0,0,50,39,0
33,4,83231,11,2,8,5,4,0,0,0,40,39,0
23,4,82497,15,4,12,3,4,0,0,0,28,39,0
20,0,96862,15,4,0,3,4,0,0,0,8,39,0
50,6,183915,9,2,3,0,4,1,0,0,45,39,1
39,4,49020,12,4,4,1,4,1,0,1974,40,39,0
54,6,82551,8,2,13,2,4,0,0,0,10,39,0
57,4,154368,9,2,4,0,4,1,0,0,50,39,1
53,4,194259,15,2,1,5,4,0,4386,0,40,39,1
43,4,341358,8,2,12,0,4,1,0,0,40,39,1
66,4,151793,5,6,8,1,2,0,0,0,10,39,0
54,2,137678,11,0,8,1,4,0,0,0,30,39,0
24,4,163665,11,4,8,1,4,0,2174,0,40,39,0
19,4,169853,11,4,7,3,4,1,0,0,24,39,0
42,4,69019,15,2,3,0,2,1,0,0,40,39,1
32,7,119033,11,2,14,0,4,1,0,0,40,39,1
44,4,136986,15,0,1,1,4,1,0,0,40,39,0
34,4,187203,7,4,12,4,4,1,0,0,50,39,0
52,2,72036,8,2,1,0,4,1,0,0,25,39,0
30,4,35644,11,4,8,3,4,1,0,0,10,39,0
40,7,377018,9,2,10,0,4,1,0,0,60,39,1
59,4,169639,7,6,4,4,4,0,0,0,40,39,0
24,4,190483,11,4,1,3,4,0,0,0,40,39,0
28,4,70240,12,4,12,3,1,0,0,0,36,30,0
68,4,339168,9,2,14,0,4,1,0,0,30,39,0
56,5,32316,2,6,4,1,4,0,0,0,40,39,0
40,2,261497,11,2,3,0,2,1,0,0,35,39,0
32,4,287229,11,4,1,1,4,0,0,0,35,39,0
38,4,278557,9,2,12,0,4,1,0,0,50,39,1
69,4,177374,11,6,1,4,4,0,1848,0,12,39,0
28,0,162312,15,4,0,3,1,1,0,0,40,35,0
29,6,467936,15,4,5,1,4,1,0,0,40,0,0
38,6,195686,11,5,4,4,4,1,0,0,25,39,0
31,4,168521,9,4,4,4,4,0,0,0,50,39,0
24,4,52242,11,2,12,5,4,0,0,0,40,39,1
52,4,89054,11,2,3,0,4,1,0,0,40,39,0
18,4,114008,11,4,8,3,4,1,0,0,35,39,0
36,4,36989,15,2,12,0,4,1,0,0,40,39,0
36,4,182013,15,0,13,4,4,0,0,0,40,39,0
81,4,55314,9,2,1,0,4,1,0,0,4,39,1
30,4,189439,11,3,8,4,2,0,0,0,38,39,0
34,4,83800,15,2,8,5,4,0,0,0,30,39,0
20,4,132053,11,4,1,2,4,0,0,1719,40,39,0
33,2,256529,11,5,8,3,4,0,0,0,80,39,0
50,4,195844,7,2,4,0,4,1,0,0,50,39,1
20,4,190423,15,4,8,1,4,0,0,0,20,39,0
32,6,205072,11,2,14,0,4,1,0,0,48,39,0
26,4,476558,5,4,3,1,4,1,0,0,40,26,0
46,6,82572,11,6,8,2,4,0,0,0,40,39,0
20,4,42706,15,4,5,1,4,1,0,0,72,39,0
27,4,198813,11,0,1,3,2,0,0,0,40,39,0
45,4,348854,15,5,1,4,4,0,0,0,27,39,0
18,4,150817,11,4,12,3,4,0,0,0,20,39,0
19,5,150384,11,4,4,3,4,1,0,0,40,39,0
21,4,518530,15,4,1,3,4,0,0,0,40,39,0
54,5,304570,9,2,7,0,1,1,7688,0,40,0,1
19,4,253529,2,4,1,3,4,1,0,0,9,39,0
40,4,220563,2,0,3,1,4,1,0,0,40,39,0
50,4,35224,11,2,3,0,4,1,0,0,40,39,0
28,4,199903,9,4,1,1,4,0,0,0,20,39,0
28,4,250679,11,2,3,0,4,1,0,0,40,39,0
35,4,146042,15,0,7,1,0,1,0,0,40,39,0
49,4,191277,15,2,8,0,4,1,0,0,40,39,0
23,4,306601,9,4,3,1,0,1,0,0,40,26,0
46,4,187715,15,2,12,0,4,1,0,0,50,39,0
67,6,75140,11,2,5,0,4,1,0,0,25,39,0
38,6,334366,15,2,5,5,4,0,0,0,15,39,0
20,4,406641,11,4,1,1,4,0,0,0,30,39,0
42,4,186689,11,2,8,5,2,0,0,0,60,39,0
54,4,183611,15,2,12,0,4,1,3137,0,50,39,0
21,4,312017,15,4,3,1,4,1,0,0,40,39,0
35,4,191103,11,2,12,0,4,1,0,0,40,39,0
39,4,98886,5,2,8,0,4,1,4508,0,40,26,0
25,4,187653,11,4,6,1,4,1,0,0,48,39,0
37,4,118358,15,2,3,0,4,1,0,0,40,39,1
31,4,48520,11,2,14,0,4,1,0,0,30,39,0
24,4,177526,8,4,3,3,4,1,0,0,40,39,0
53,4,149220,12,2,12,0,4,1,0,0,40,39,0
58,4,212864,11,0,6,1,4,1,0,0,40,39,0
43,4,170721,15,2,3,0,4,1,0,0,40,39,1
49,1,106207,9,2,1,0,4,1,0,0,40,39,0
54,4,176240,12,2,14,0,4,1,7688,0,60,39,1
39,4,531055,11,2,3,0,4,1,0,0,40,39,1
22,0,57827,15,4,0,3,4,1,0,0,40,39,0
39,4,306504,11,2,14,0,4,1,0,0,40,39,0
43,6,147269,0,2,3,0,4,1,0,0,60,0,0
31,4,160594,7,4,10,3,4,1,0,0,3,39,0
34,2,117018,15,4,11,1,4,0,0,0,40,39,0
61,1,230545,11,4,1,4,4,0,0,0,35,33,0
28,0,201844,11,5,0,4,4,0,0,0,40,26,0
21,4,260254,11,4,3,1,4,1,0,0,40,39,0
26,4,136309,9,4,8,1,4,1,0,0,40,39,0
35,4,148581,11,2,3,0,4,1,0,1740,40,39,0
29,4,193125,11,4,7,1,4,0,0,0,40,39,0
44,6,202692,12,2,10,0,4,1,0,0,40,39,0
21,4,149637,15,4,1,1,4,0,0,0,25,39,0
58,0,148673,11,2,0,0,4,1,0,0,10,39,0
23,4,120910,11,4,8,4,4,0,0,0,35,39,0
20,4,386643,15,4,8,3,4,0,0,0,40,39,0
19,4,219742,15,4,8,3,4,0,0,0,15,39,0
29,4,103628,15,2,1,5,4,0,0,0,40,39,1
51,5,100029,10,2,10,0,4,1,15024,0,40,39,1
35,4,208106,11,2,12,0,4,1,0,0,40,7,0
46,6,188273,11,2,5,0,4,1,15024,0,50,39,1
20,4,228960,15,4,8,3,4,0,0,0,40,39,0
35,4,225330,9,4,1,1,4,0,0,0,40,39,0
51,6,22154,15,0,1,1,4,1,0,0,40,39,0
56,2,435836,12,0,10,1,4,0,0,0,40,39,0
25,2,366796,9,4,10,1,4,0,0,0,40,39,0
56,6,179594,11,2,4,0,4,1,0,0,48,39,0
45,4,174426,12,2,10,0,4,1,0,0,43,39,0
53,0,158352,12,4,0,1,4,0,8614,0,35,39,1
36,6,260454,11,2,3,0,4,1,0,0,30,39,0
40,4,143069,11,2,7,0,4,1,0,0,40,39,0
44,4,167005,11,2,1,0,4,1,0,0,48,39,1
20,4,177287,11,4,12,1,4,0,0,0,38,39,0
72,0,289930,9,5,0,1,4,0,991,0,7,39,0
42,4,70037,12,4,10,1,4,1,0,0,50,39,0
44,4,54310,12,2,10,0,4,1,7298,0,40,39,1
46,4,45363,14,0,10,1,4,1,0,2824,40,39,1
61,4,131117,11,6,14,4,4,0,0,0,40,33,0
54,6,33863,11,2,5,0,4,1,0,0,60,39,1
24,7,322658,9,4,4,1,4,0,0,0,40,39,0
26,4,240842,11,4,7,4,2,0,0,0,40,39,0
37,4,146398,9,4,10,1,2,0,0,0,40,39,0
60,6,176839,14,2,12,0,4,1,0,0,45,39,1
22,4,240063,11,4,6,3,4,1,0,0,40,39,0
25,4,200318,11,2,14,0,4,1,0,0,60,39,0
40,4,85604,12,2,10,0,4,1,0,0,55,39,0
23,4,103064,9,4,13,1,4,0,0,0,40,39,0
29,4,663394,11,2,5,0,2,1,0,0,40,39,0
55,0,136819,9,2,0,0,4,1,0,0,40,39,0
40,4,217826,11,2,7,0,2,1,0,0,40,14,0
71,6,172046,5,2,5,0,4,1,0,0,50,39,0
31,4,120461,9,4,4,1,4,0,0,0,40,39,0
41,4,223934,7,0,1,4,4,0,0,0,38,39,0
34,4,554206,11,5,14,1,2,1,0,0,20,39,0
40,6,240698,11,2,3,0,4,1,0,0,60,39,0
24,4,148709,11,4,8,1,4,0,0,0,40,39,0
25,2,31873,9,4,1,1,4,0,0,0,40,39,0
30,4,234753,8,2,4,5,4,0,0,0,34,39,1
59,4,172618,15,0,12,1,4,1,0,0,56,39,0
23,4,201680,2,2,3,0,4,1,0,0,40,39,0
38,4,187999,9,2,13,0,4,1,0,0,45,39,1
26,4,159897,15,4,4,4,2,0,0,0,40,39,0
51,5,46281,15,2,12,0,4,1,0,0,50,39,1
19,0,302229,11,4,0,3,2,1,0,0,10,39,0
52,2,251841,12,4,10,1,4,0,0,0,50,39,0
56,6,190091,8,3,12,1,4,1,0,0,46,39,0
29,4,131913,15,4,1,2,2,0,0,0,40,39,0
48,4,25468,12,0,4,1,4,1,99999,0,50,39,1
19,7,149528,15,4,5,3,4,1,0,0,12,39,0
34,4,177437,15,2,3,0,4,1,15024,0,45,39,1
35,4,106967,12,4,12,1,4,0,0,0,40,39,0
22,4,214731,0,2,7,5,4,0,0,0,40,39,0
43,4,139277,11,6,3,4,4,0,0,0,40,22,0
38,4,166585,9,0,4,1,4,0,0,0,55,39,0
52,4,61735,1,2,8,0,4,1,0,0,40,39,0
49,4,105431,11,0,8,1,2,0,0,0,40,39,0
27,0,105189,11,4,0,3,4,1,0,0,40,11,0
72,4,53684,15,2,11,0,2,1,0,0,40,39,0
18,4,216540,1,4,3,3,4,1,0,0,40,39,0
25,4,457070,5,0,3,3,4,1,0,0,45,39,0
55,4,98361,9,2,4,0,4,1,15024,0,55,39,1
49,4,237920,10,2,12,0,4,1,0,0,60,39,0
51,4,120914,0,4,5,3,4,1,0,0,40,39,0
40,2,180123,11,3,5,3,2,1,0,0,40,39,0
18,4,236272,11,4,1,3,4,0,0,0,35,39,0
37,1,419053,11,0,3,1,4,1,0,0,40,39,0
20,0,175431,15,4,0,3,4,1,0,0,40,39,0
73,6,228899,5,4,1,1,4,0,0,0,99,39,0
18,4,36251,0,4,8,3,4,0,0,0,15,39,0
27,4,318639,0,4,8,1,4,1,0,0,60,26,0
26,4,264012,9,4,1,1,4,1,0,0,40,39,0
64,4,477697,11,2,4,0,4,1,0,0,16,39,0
34,4,121640,15,0,10,1,0,1,0,0,44,39,0
60,4,108969,0,2,3,0,4,1,0,0,50,39,0
34,4,113211,7,2,10,5,4,0,0,0,45,39,1
18,4,183315,1,4,12,3,2,0,0,0,10,39,0
31,4,307375,15,4,8,1,0,0,0,0,40,39,0
37,4,356231,0,2,7,0,2,1,0,2129,65,39,0
33,4,248584,15,2,8,0,4,1,0,0,50,39,0
51,0,22743,11,4,0,3,4,1,0,0,50,39,0
45,4,102771,11,2,4,0,4,1,0,0,40,39,1
27,4,177398,11,4,8,4,4,0,0,0,64,39,0
37,2,108540,11,2,3,0,4,1,0,0,40,39,0
21,4,363192,8,4,8,3,4,0,0,0,40,39,0
31,4,100135,12,0,4,1,4,0,0,0,40,39,0
46,4,32825,11,2,14,0,4,1,0,0,60,39,0
30,4,156015,15,2,4,0,4,1,0,0,45,39,1
34,2,353270,8,4,3,3,4,0,0,0,40,39,0
55,4,28338,8,0,10,1,4,0,0,0,40,39,0
23,4,69911,13,4,8,3,4,0,0,0,15,39,0
27,4,167336,15,4,1,1,4,0,0,0,39,39,0
28,4,186672,11,4,1,1,2,1,0,0,40,23,0
31,4,442429,11,5,3,4,4,0,0,0,40,26,0
61,4,195595,5,3,7,1,4,1,0,0,40,13,0
60,0,141221,9,2,0,0,1,1,0,2163,25,35,0
21,4,132320,1,4,3,1,4,1,0,0,35,39,0
54,4,185407,11,2,3,0,4,1,7688,0,40,39,1
30,7,119197,12,0,10,1,0,1,0,0,50,39,0
23,4,200677,0,4,7,1,4,0,0,0,40,39,0
41,4,88368,11,4,12,1,4,0,0,0,50,39,0
32,4,464621,15,4,5,3,0,1,0,0,40,39,0
40,4,34722,15,0,14,1,4,1,0,0,48,39,1
45,4,255014,15,2,3,0,4,1,0,0,55,39,1
54,4,141272,11,2,1,5,4,0,0,0,40,39,1
33,4,196898,9,4,10,1,4,0,0,0,40,39,0
36,4,206521,11,4,7,1,4,1,0,0,40,39,0
52,4,23780,8,2,4,0,4,1,0,1977,45,39,1
47,1,96854,9,2,10,0,4,1,0,0,40,39,1
30,4,205152,9,4,12,1,4,1,0,0,40,39,0
36,4,176634,9,2,12,5,4,0,0,0,35,39,1
32,4,204742,9,2,10,0,4,1,0,0,40,39,1
40,5,189941,9,2,10,0,4,1,3103,0,60,39,1
57,4,562558,11,0,1,4,4,0,0,0,40,39,0
33,4,44392,11,0,6,3,4,1,0,0,20,39,0
40,4,254478,15,2,3,0,4,1,7298,0,50,39,1
36,6,34378,8,2,5,0,4,1,3908,0,75,39,0
51,0,157327,4,2,0,0,2,1,0,0,8,39,0
37,4,305379,9,2,4,0,4,1,0,0,50,39,1
28,4,75695,15,5,8,1,4,0,0,0,60,39,0
56,4,367984,8,2,4,0,4,1,15024,0,40,39,1
44,4,314739,15,2,12,0,4,1,0,0,40,39,1
37,4,343721,9,2,10,0,4,1,0,0,40,39,1
33,4,170651,11,4,8,3,4,0,1055,0,40,39,0
34,4,183557,11,5,1,1,4,0,0,0,20,39,0
38,4,227945,12,2,10,0,4,1,99999,0,65,39,1
21,6,318987,8,2,5,0,4,1,0,0,40,39,0
39,4,224541,6,2,3,0,4,1,4386,0,55,26,0
41,4,149909,11,2,3,0,4,1,0,1848,40,39,1
29,4,78261,11,2,7,0,4,1,0,0,40,39,0
41,4,94210,11,0,6,4,4,1,0,0,48,39,0
42,4,118652,7,2,13,0,4,1,0,0,40,39,0
44,4,33895,11,0,8,4,4,0,0,0,40,39,0
47,2,200808,2,2,1,0,4,1,0,0,35,33,0
52,4,91506,11,2,6,0,4,1,0,0,45,39,0
25,5,160261,9,4,4,3,1,1,0,0,35,36,0
42,4,40151,8,2,8,0,4,1,0,0,30,39,0
57,1,250873,11,2,14,0,4,1,0,0,40,39,0
43,7,260960,9,2,10,0,4,1,0,0,50,39,0
25,4,109009,1,2,3,0,4,1,0,0,40,39,0
72,0,195181,11,2,0,0,4,1,0,0,32,39,0
55,1,300670,9,3,4,1,2,1,0,0,40,39,1
49,4,107682,15,0,1,1,4,0,0,0,38,39,0
41,4,63042,11,2,12,5,4,0,0,0,20,39,0
18,4,116167,11,4,8,3,4,0,0,0,16,39,0
45,4,166181,11,6,9,3,2,0,0,0,25,39,0
39,4,67433,11,0,1,4,4,0,0,0,40,39,0
52,4,84788,0,4,7,1,4,1,0,0,40,39,0
23,0,163053,0,4,0,1,4,0,0,0,20,39,0
52,2,311569,12,2,4,0,4,1,0,0,50,39,1
24,4,193416,7,4,8,3,4,0,0,0,3,39,0
71,4,77253,11,4,6,1,4,1,0,0,17,39,0
33,4,389932,11,0,14,1,2,1,0,0,55,39,0
28,4,209109,9,0,4,1,4,1,0,0,40,39,0
31,4,345122,14,0,10,1,4,1,14084,0,50,39,1
24,1,44075,9,4,10,1,1,1,0,0,40,39,0
30,4,427541,11,4,6,3,2,0,99999,0,40,39,1
54,4,105428,11,2,3,0,4,1,0,0,40,39,0
21,4,177940,11,3,7,1,4,0,0,0,40,39,0
22,4,349368,9,4,4,3,4,0,0,0,30,39,0
66,0,177351,9,2,0,0,4,1,0,2174,40,39,1
20,4,41721,15,4,7,1,4,1,0,0,40,39,0
52,4,177487,11,2,8,0,4,1,0,0,40,39,0
44,6,172479,11,2,5,0,4,1,15024,0,60,39,1
44,0,468706,11,2,0,0,2,1,0,0,40,39,0
43,2,196308,11,0,4,4,0,0,0,0,40,39,0
43,4,176452,6,3,3,1,4,1,0,0,50,0,1
23,4,265356,9,4,4,4,4,1,0,0,40,39,0
37,4,255621,11,5,3,1,4,1,0,0,50,39,0
48,4,139290,0,5,7,3,4,0,0,0,48,39,0
45,4,232586,15,2,3,0,4,1,0,0,50,39,1
27,4,106276,11,4,1,3,4,0,0,0,40,39,0
38,5,184456,11,2,12,0,4,1,0,0,55,22,1
54,2,113649,15,2,4,0,4,1,0,0,40,39,0
55,4,171015,11,6,12,4,4,0,0,0,40,39,0
72,4,107814,12,4,10,1,4,1,2329,0,60,39,0
47,4,185041,15,2,3,0,4,1,7298,0,40,39,1
50,4,102346,9,2,4,5,4,0,0,2415,20,39,1
41,4,34278,8,5,8,1,4,1,0,0,40,39,0
37,4,162494,9,4,1,1,4,0,0,0,40,39,0
21,4,193219,11,4,1,3,2,0,0,0,35,23,0
58,4,104613,7,2,4,0,4,1,0,0,50,39,1
19,4,188618,11,4,1,3,4,0,0,0,24,39,0
36,4,32334,8,2,4,5,4,0,0,0,50,39,1
53,1,221791,11,0,3,1,2,1,0,0,40,39,0
61,4,80896,12,2,10,0,1,1,0,0,45,19,1
45,6,285575,11,2,4,0,1,1,0,0,40,3,0
47,2,319205,15,0,1,4,4,0,0,0,40,39,0
42,4,121264,8,2,10,0,4,1,0,0,40,39,1
39,4,108140,8,2,3,0,4,1,0,0,40,39,0
37,6,33975,9,5,14,1,4,1,0,0,50,39,0
29,4,221366,9,2,10,0,4,1,5013,0,40,11,0
29,4,39388,11,2,5,0,4,1,0,0,40,39,0
37,4,138441,11,0,14,1,4,1,0,0,40,39,0
54,4,320012,15,2,1,5,4,0,0,0,40,39,0
40,4,382499,11,0,1,4,4,0,0,0,50,39,0
18,4,228216,11,4,6,3,4,1,0,0,20,39,0
81,4,364099,15,0,1,1,4,0,0,0,20,39,0
39,4,141584,15,2,13,0,4,1,0,0,50,39,0
29,7,301582,15,2,11,0,4,1,0,0,40,39,0
33,4,245211,9,4,10,3,4,1,0,0,40,39,0
63,6,194638,11,2,3,0,4,1,0,0,32,39,0
39,7,267581,11,4,8,1,2,1,0,0,40,39,0
56,1,255386,15,2,1,0,1,1,0,0,40,25,0
25,4,169323,9,2,4,3,4,0,0,0,40,39,0
18,4,201613,2,4,12,3,4,0,0,0,20,39,0
30,4,149427,6,4,3,3,4,1,0,0,45,39,0
45,4,180010,11,0,12,3,4,0,0,0,40,39,0
35,6,313132,14,2,10,0,4,1,0,0,40,39,1
32,6,34572,11,0,5,1,4,1,0,0,65,39,0
21,4,174907,11,4,1,3,4,0,0,0,40,39,0
27,4,130807,7,2,13,0,4,1,0,0,40,39,0
18,4,91525,11,4,12,2,4,1,0,0,25,39,0
57,4,61474,15,2,4,0,4,1,7688,0,45,39,1
65,0,266081,11,2,0,0,4,1,0,0,40,39,0
55,4,202435,9,0,1,1,4,0,0,0,40,39,0
25,4,358975,11,4,8,1,4,0,0,0,35,39,0
41,5,160120,10,2,12,0,1,1,0,0,40,36,1
37,7,151322,9,4,10,1,4,1,0,0,40,39,0
31,6,182177,11,2,3,0,4,1,0,1902,40,39,1
34,4,93169,15,0,8,4,2,0,0,0,40,39,0
45,4,140644,11,2,12,0,4,1,0,0,50,39,1
33,4,122672,11,2,5,0,4,1,0,0,50,39,0
32,4,193042,14,2,12,0,4,1,15024,0,60,39,1
33,4,155475,11,2,12,0,4,1,0,0,40,39,0
36,4,172706,11,2,7,0,4,1,0,0,40,39,0
18,4,170094,11,4,6,3,4,0,0,0,20,39,0
59,4,200316,11,2,3,0,4,1,0,0,40,39,0
27,5,113870,12,4,14,3,4,1,0,0,40,39,0
47,4,140664,9,0,12,1,4,1,0,0,45,39,0
22,4,177107,8,4,10,4,2,0,0,0,35,39,0
32,4,213750,8,4,8,1,4,1,0,0,45,39,0
30,4,87469,11,4,8,1,4,1,0,0,40,39,0
24,4,227070,0,2,7,5,4,0,0,0,40,39,0
40,5,102576,12,2,10,0,2,1,0,0,55,38,0
41,4,168730,15,2,12,0,4,1,0,0,50,39,1
53,4,290640,11,2,8,0,4,1,0,0,50,11,1
37,4,69251,15,2,14,0,1,1,0,0,40,39,0
28,4,292536,15,4,14,1,4,1,0,0,50,39,0
56,4,82050,1,2,7,0,4,1,7298,0,40,39,1
19,4,25429,15,4,12,1,4,0,0,0,25,39,0
27,4,180553,11,5,7,4,4,0,0,0,40,39,0
64,4,144182,11,6,10,1,4,0,0,0,23,39,0
26,4,53833,11,4,8,4,4,1,0,0,40,39,0
46,4,187370,9,4,12,1,4,1,0,1504,40,39,0
62,4,211408,8,2,13,0,4,1,0,0,40,39,1
45,4,178341,12,2,10,0,4,1,0,0,50,39,0
61,6,111563,9,2,5,0,4,1,0,0,20,39,1
45,2,310260,9,2,10,0,4,1,0,0,50,39,1
46,2,274689,7,0,11,1,4,1,0,0,40,39,0
64,4,285610,1,0,7,1,4,0,0,0,40,39,0
57,4,153918,11,2,14,0,4,1,0,0,40,39,0
62,4,159474,11,2,7,0,4,1,0,0,50,39,0
23,0,138768,9,4,0,3,4,1,2907,0,40,39,0
19,4,291181,6,4,8,3,4,0,0,0,50,26,0
36,4,209993,4,2,9,5,4,0,0,0,40,8,0
37,4,110013,8,0,12,1,4,0,0,0,40,39,0
34,4,69727,3,2,3,0,4,1,0,0,40,26,0
41,6,27305,11,2,5,0,4,1,7688,0,40,39,1
34,4,321709,11,4,8,1,4,0,0,0,28,39,0
55,4,109015,15,0,1,1,4,0,0,0,38,39,0
43,6,421837,15,2,12,0,4,1,7298,0,50,26,1
54,4,139850,12,2,4,0,1,1,0,0,45,39,1
32,4,222205,15,2,10,5,4,0,0,0,40,39,1
20,4,177287,11,4,1,1,4,0,0,0,30,39,0
51,4,205884,15,2,13,5,4,0,0,0,40,39,1
31,4,244665,15,4,4,1,4,1,0,0,45,16,0
39,4,91367,12,2,4,0,4,1,0,1848,45,39,1
52,4,173987,11,2,1,0,4,1,0,0,40,39,1
65,4,204042,11,0,11,1,4,1,0,0,20,39,0
33,4,104509,9,4,10,4,4,0,0,0,40,39,0
36,4,266347,11,4,3,1,4,1,0,0,43,39,0
58,4,206814,9,2,1,0,4,1,7688,0,50,39,1
22,4,237386,8,4,10,1,4,1,0,0,50,39,0
55,6,193374,11,0,3,1,4,1,0,0,40,39,0
25,4,237865,15,4,8,3,2,1,0,0,42,39,0
63,4,143098,11,2,12,0,4,1,4064,0,40,39,0
31,4,221167,14,0,13,1,4,0,0,0,35,39,0
32,4,394708,11,4,8,4,2,1,0,0,40,39,0
18,0,78181,11,4,0,3,4,0,0,0,20,39,0
63,0,68954,11,6,0,1,2,0,0,0,11,39,0
61,0,347089,11,2,0,0,4,1,0,0,16,39,0
25,4,167031,0,4,7,1,4,0,0,0,40,4,0
32,7,481096,4,4,7,3,4,0,0,0,10,39,0
41,4,66118,9,0,10,3,4,0,0,0,40,39,0
58,4,170108,12,2,4,0,4,1,0,0,40,39,1
38,4,166062,11,0,1,1,4,0,0,0,50,39,0
65,2,200764,11,0,1,1,4,0,0,0,16,39,1
33,6,203784,8,2,5,0,4,1,0,0,62,39,0
43,4,212888,9,0,10,1,4,0,0,0,38,39,0
24,4,103064,9,4,10,1,4,0,0,0,40,39,0
21,4,25505,8,4,1,4,2,0,0,0,35,39,0
23,4,117789,9,4,1,3,4,0,0,0,40,39,0
31,4,381153,0,2,13,0,4,1,0,0,40,39,1
23,1,39603,15,4,3,4,0,1,0,0,40,39,0
27,7,122540,15,4,3,2,4,1,0,0,40,39,0
70,4,221603,15,6,12,1,4,0,0,0,34,39,0
42,4,373469,11,2,3,0,4,1,0,0,40,39,1
25,4,93223,15,0,10,4,4,0,0,0,35,39,0
18,4,193741,1,4,8,2,2,1,0,0,30,39,0
27,4,200928,15,4,12,3,4,1,0,0,22,39,0
28,4,144063,11,2,4,0,4,1,0,0,40,39,0
22,4,125010,9,4,1,1,4,0,0,0,20,39,0
25,6,195000,15,0,10,1,4,0,0,0,40,39,0
56,2,391926,11,2,4,0,4,1,0,0,40,39,0
40,5,140915,9,2,13,0,3,1,0,0,40,10,1
45,5,122206,7,2,4,0,4,1,0,0,50,39,1
22,4,218215,15,4,1,3,4,0,0,0,35,39,0
43,4,190885,5,6,8,4,4,0,0,0,38,26,0
31,4,149507,2,2,3,0,4,1,0,0,43,39,0
35,4,160120,9,2,1,0,1,1,0,0,40,30,1
60,4,202226,15,0,3,3,4,1,0,0,44,39,1
44,6,22933,11,2,4,0,4,1,0,0,40,39,0
51,5,183173,11,2,4,0,4,1,0,0,70,39,1
52,4,106176,9,0,1,4,4,1,0,3770,40,39,0
69,4,168139,11,2,12,5,4,0,0,0,40,39,0
42,4,210857,9,2,4,0,4,1,7688,0,50,39,1
49,6,39140,11,2,5,0,4,1,0,0,60,39,0
79,2,84616,1,2,4,0,4,1,0,0,7,39,0
54,4,27484,11,2,4,0,4,1,0,0,40,39,1
37,4,149347,15,2,3,0,4,1,0,0,40,39,1
27,4,311446,15,4,1,1,4,0,0,0,60,11,0
40,4,316820,5,2,12,0,4,1,4064,0,40,39,0
46,7,171926,12,0,4,4,4,1,7430,0,50,39,1
57,4,24384,5,6,8,1,4,0,0,0,10,39,0
46,6,233974,11,2,5,0,4,1,0,0,35,39,0
50,4,34067,8,2,4,0,4,1,0,0,50,39,1
37,4,324947,9,2,6,0,4,1,0,0,40,39,0
39,4,46395,9,2,4,0,4,1,0,0,40,39,0
54,4,147863,8,2,3,0,1,1,5013,0,40,40,0
39,1,129573,9,4,1,1,4,1,0,1741,40,39,0
54,4,220115,15,0,1,1,4,1,0,0,30,39,0
18,4,240747,11,4,7,3,4,0,0,0,40,6,0
47,2,154940,12,4,10,1,4,0,0,0,45,39,1
45,4,105779,11,2,3,0,4,1,0,0,30,39,0
64,4,192596,11,6,1,1,4,0,0,0,30,39,0
19,4,267796,15,4,1,3,4,1,0,0,30,39,0
19,4,264876,11,4,6,3,4,1,0,0,40,39,0
38,4,322092,11,0,6,1,4,1,0,0,40,39,0
23,4,239663,15,4,6,3,4,1,2597,0,50,39,0
22,4,326334,15,4,3,3,4,1,0,0,35,39,0
50,4,178946,12,2,10,0,4,1,0,0,50,39,1
34,1,400943,9,4,4,1,4,1,0,0,44,39,0
30,6,278522,1,4,5,3,2,1,0,0,40,39,0
19,4,238144,15,0,1,1,4,0,0,0,20,39,0
21,4,236696,15,4,8,1,4,1,0,0,57,39,0
38,0,94559,9,2,0,5,3,0,7688,0,50,0,1
63,4,137192,9,2,3,0,1,1,0,0,40,35,0
29,4,283227,9,4,10,1,4,1,0,0,40,39,0
59,4,258579,15,2,14,0,4,1,3103,0,35,39,1
32,4,269182,15,5,13,4,2,0,3887,0,40,39,0
26,0,40032,9,4,0,1,4,0,0,0,40,39,0
43,4,355728,11,0,7,3,4,1,0,0,40,39,0
54,6,118365,0,0,8,1,2,0,0,0,10,39,0
28,7,119793,15,2,11,0,4,1,0,0,40,39,0
27,7,208406,9,4,10,1,4,1,0,0,30,39,0
17,0,256496,0,4,0,3,4,1,0,0,35,39,0
60,4,160625,11,2,10,0,4,1,5013,0,40,39,0
28,4,266070,14,4,10,1,4,0,0,0,50,39,0
39,2,119421,9,2,10,5,4,0,0,0,42,39,0
26,4,291968,9,4,10,1,4,1,0,0,40,39,0
38,4,186191,11,0,12,1,4,1,0,0,60,39,0
25,4,192273,9,2,10,0,4,1,0,0,40,39,0
33,5,206609,11,4,3,3,4,1,0,1876,50,39,0
35,4,109351,9,4,12,1,4,0,8614,0,45,39,1
42,4,24982,15,2,3,0,4,1,7688,0,40,39,1
64,4,285052,15,6,4,1,4,0,0,0,10,39,0
60,4,39263,12,4,4,1,4,0,3325,0,35,39,0
28,4,33798,8,2,7,0,4,1,0,0,40,39,0
55,2,30636,11,2,3,0,4,1,4386,0,40,39,1
36,4,102729,15,4,3,1,4,1,0,0,40,39,0
25,4,61956,15,4,14,1,4,1,0,0,50,39,0
60,5,376133,11,2,1,5,4,0,15024,0,15,39,1
29,4,203833,9,4,10,1,2,1,0,0,40,39,0
53,4,22154,15,2,3,0,4,1,0,0,40,39,0
25,0,219897,12,4,0,1,4,0,0,0,35,2,0
26,4,339324,11,2,7,0,4,1,0,0,96,39,0
51,4,53197,15,2,3,0,4,1,0,0,40,39,1
64,6,352712,8,2,5,0,4,1,0,0,55,39,0
36,2,188798,1,5,10,4,3,0,0,0,30,39,0
34,4,144798,15,4,1,1,4,0,0,0,40,39,0
19,0,425447,11,4,0,4,2,0,0,0,40,39,0
30,4,194141,15,0,7,1,4,1,0,1617,40,39,0
33,4,209768,9,2,10,0,4,1,0,0,40,39,1
23,4,199011,1,4,3,3,4,1,0,0,3,39,0
22,7,264710,9,4,13,3,4,0,0,0,40,39,0
35,4,60227,11,2,3,0,4,1,0,0,40,39,0
32,4,63910,11,0,1,3,1,0,0,0,40,39,0
62,4,26966,15,6,1,1,4,0,0,0,40,39,0
26,4,167848,11,4,7,1,2,1,0,0,40,39,0
47,4,213140,8,2,3,0,4,1,7688,0,40,39,1
35,4,109133,11,4,8,1,4,1,0,0,40,0,0
29,6,132686,14,4,10,3,4,1,0,0,50,22,1
70,4,174032,11,2,12,0,4,1,0,0,40,39,0
18,4,120691,15,4,8,3,2,1,0,0,35,0,0
28,4,334032,8,4,12,1,4,1,0,0,50,39,0
21,7,96483,15,4,1,3,1,0,0,0,12,39,0
25,2,112835,12,4,11,1,4,1,0,0,40,39,0
46,6,225456,11,2,4,0,4,1,0,0,40,39,0
36,4,279615,9,0,12,3,4,0,0,0,40,39,0
33,4,185177,11,4,7,1,4,1,0,0,40,39,0
42,4,304605,15,2,3,0,4,1,0,0,40,39,0
49,2,192349,12,4,10,1,4,0,4650,0,40,39,0
51,5,189183,9,2,4,0,4,1,0,0,40,39,0
31,4,178841,11,4,1,1,4,0,0,0,40,39,0
45,5,173664,9,2,4,0,4,1,0,0,45,39,1
21,7,181761,15,4,13,3,4,0,0,0,10,39,0
27,4,388998,9,4,12,1,4,1,13550,0,46,39,1
41,2,195897,12,2,10,0,4,1,0,0,60,39,0
34,6,581025,6,4,8,3,2,1,0,0,38,39,0
25,4,216583,9,2,4,0,4,1,0,0,43,39,0
23,4,349156,11,4,5,1,4,1,0,0,45,39,0
43,6,75993,11,2,3,0,4,1,0,0,35,39,0
36,4,262688,15,2,12,0,2,1,7688,0,50,39,1
42,4,178074,11,0,1,1,4,0,0,0,40,39,0
58,2,318537,2,2,5,0,4,1,0,0,40,39,0
45,2,251786,11,4,1,1,4,0,0,0,37,39,0
61,4,244261,11,2,3,0,2,1,0,0,40,39,0
18,0,97318,11,4,0,3,4,0,0,0,35,39,0
26,4,125680,9,4,10,1,1,1,0,0,16,24,0
58,4,322691,9,2,7,0,4,1,0,0,40,39,1
38,4,107303,11,2,3,0,4,1,0,0,40,39,0
34,4,271933,9,4,4,2,4,0,0,1741,45,39,0
53,4,172962,14,2,10,0,4,1,0,0,40,39,1
37,4,265038,15,2,14,0,4,1,0,0,50,39,0
53,4,110747,11,2,3,0,4,1,0,0,40,39,0
44,1,192771,11,4,1,4,4,0,0,0,40,39,0
32,4,209691,9,2,12,0,4,1,0,0,42,39,1
24,0,114292,6,4,0,3,4,1,0,0,40,39,0
23,4,183789,11,4,12,3,4,1,0,0,40,39,0
23,4,107190,15,4,1,3,2,1,0,0,20,39,0
34,2,362775,0,2,8,5,0,0,0,0,30,39,0
51,4,263439,9,2,6,0,4,1,0,0,40,39,0
44,2,143104,15,2,4,5,4,0,0,0,38,39,1
23,4,65225,15,4,8,3,4,0,0,0,15,39,0
41,5,240124,15,2,5,0,4,1,0,0,50,39,0
43,2,216116,12,5,10,4,2,0,0,0,37,39,0
50,5,304955,9,2,12,0,4,1,0,0,60,39,1
53,4,225768,8,2,3,0,2,1,0,0,40,39,1
51,4,56915,11,2,3,0,0,1,0,0,40,39,0
48,2,328610,12,2,10,0,4,1,0,0,50,39,1
43,4,248094,11,2,7,0,4,1,0,0,44,39,1
20,4,194247,11,4,4,1,4,1,0,0,25,39,0
43,4,183273,12,2,4,5,4,0,15024,0,32,39,1
17,4,139183,0,4,12,3,4,0,0,0,15,39,0
46,8,142210,11,2,7,5,4,0,0,0,25,39,0
19,4,243373,2,4,12,2,4,1,1055,0,40,39,0
43,4,151089,15,2,14,0,4,1,0,0,50,39,0
29,4,337953,8,2,12,0,4,1,2885,0,40,39,0
23,4,163665,15,4,12,3,4,0,0,0,15,39,0
40,4,183096,9,0,1,1,4,0,0,0,35,39,0
32,2,178107,11,4,5,3,4,1,0,0,40,39,0
23,0,148751,15,4,0,1,4,0,0,0,35,39,0
32,6,24529,15,4,3,1,4,1,0,0,50,39,1
32,5,317660,11,2,3,0,4,1,7688,0,40,39,1
24,4,361278,15,4,1,1,4,0,0,0,40,39,0
64,1,341695,15,2,1,5,4,0,0,0,40,39,1
47,6,182752,11,2,1,5,4,0,0,0,35,20,0
56,6,403072,15,2,3,0,4,1,0,0,50,39,1
48,2,407495,7,2,11,0,4,1,0,0,56,39,1
47,4,194772,8,2,7,0,4,1,0,0,40,39,1
36,4,172129,6,2,6,0,4,1,0,0,40,39,0
20,4,368832,15,4,8,1,4,0,0,0,25,39,0
46,4,360593,12,0,10,1,4,1,4650,0,44,39,0
67,0,40021,10,2,0,0,4,1,0,0,40,39,0
50,4,306790,15,2,3,0,4,1,0,0,40,39,1
46,4,110646,7,2,1,5,4,0,0,0,56,39,0
33,4,213002,9,4,10,1,4,1,0,1408,36,39,0
35,2,308945,11,2,3,0,4,1,0,0,40,39,1
35,6,147258,8,4,5,3,4,1,0,0,65,39,0
72,4,225780,10,4,10,1,4,1,0,0,30,39,0
37,4,148581,11,2,14,0,4,1,0,0,50,39,1
40,5,214781,15,2,4,0,4,1,7298,0,65,39,1
32,7,400132,9,2,11,0,4,1,0,0,40,39,1
44,4,193494,15,2,14,0,4,1,0,0,72,39,1
41,4,228847,15,2,12,0,4,1,0,0,40,39,1
31,4,196227,11,5,8,1,4,0,0,0,40,39,0
33,4,120420,1,2,7,0,4,1,0,0,40,39,0
34,4,405713,15,0,7,1,4,0,0,0,40,39,0
36,4,294760,8,2,13,0,4,1,0,0,50,39,0
60,6,127805,5,2,14,0,4,1,0,0,40,39,1
27,4,137063,9,2,12,0,4,1,0,0,50,39,0
20,4,238917,1,4,6,1,4,1,0,0,32,26,0
23,4,194247,15,4,12,1,4,1,0,0,40,39,0
44,4,118212,0,2,7,0,4,1,0,0,40,39,0
27,7,301302,10,3,13,1,4,1,0,0,20,0,0
39,4,505119,12,2,4,0,4,1,0,0,40,5,1
31,2,178449,14,2,10,0,4,1,0,0,40,39,1
24,4,190293,9,4,4,1,4,0,0,0,40,39,0
30,6,223212,9,4,12,4,4,1,0,0,40,39,0
46,6,182689,15,2,3,0,4,1,3103,0,35,39,1
42,4,49255,12,2,10,0,4,1,4386,0,40,39,1
28,4,230743,7,0,1,1,4,0,0,0,40,39,0
58,6,31732,9,2,4,0,4,1,0,0,50,39,0
38,4,85399,11,4,7,1,4,0,0,0,40,39,0
46,4,187581,11,0,3,2,4,1,0,0,40,39,0
21,4,249727,11,4,8,3,4,1,0,0,22,39,0
33,4,340332,9,5,4,1,2,0,0,0,45,39,0
26,4,245628,1,4,6,4,4,1,0,0,20,39,0
34,4,89644,15,2,12,0,4,1,0,0,55,39,1
52,4,349502,15,4,1,4,4,1,0,0,45,39,0
43,2,323627,15,4,4,1,4,0,0,0,12,39,0
57,4,112840,12,2,10,0,4,1,0,0,55,39,1
36,4,136629,15,2,7,0,4,1,0,0,40,39,1
41,4,190591,11,5,8,4,2,0,0,0,20,39,0
56,6,115422,11,2,4,0,4,1,0,0,35,39,0
28,2,33662,12,2,10,5,4,0,7298,0,40,39,1
56,0,132930,12,4,0,1,4,0,0,0,50,39,1
32,4,116539,15,2,3,0,4,1,0,0,40,39,1
36,4,295706,11,4,7,1,4,1,3674,0,42,39,0
30,4,295010,15,2,1,2,4,0,0,0,40,39,1
31,4,114937,9,2,10,0,4,1,0,0,35,39,0
37,4,241998,9,2,13,0,4,1,0,0,50,39,1
32,6,410615,11,2,14,0,4,1,0,1887,60,39,1
59,0,424468,9,2,0,0,4,1,0,0,40,39,1
37,4,109133,7,2,12,0,4,1,0,1977,45,39,1
33,4,100135,11,2,1,5,4,0,0,1740,25,39,0
41,4,34037,11,4,6,1,4,1,0,0,40,39,0
62,4,185503,9,2,10,0,4,1,0,0,50,39,1
43,7,129298,12,2,4,0,4,1,0,0,40,39,1
38,4,260997,15,2,7,0,2,1,0,0,40,39,0
47,4,177858,9,3,4,1,4,0,27828,0,60,39,1
20,4,390817,4,4,6,1,4,1,0,0,25,26,0
30,4,118551,9,4,12,1,4,0,0,0,35,39,1
46,4,37718,7,2,13,0,4,1,0,1977,50,39,1
18,4,57957,11,4,12,3,4,0,0,0,15,39,0
38,4,169469,11,0,12,1,4,1,0,0,80,39,0
25,4,108414,11,2,7,0,4,1,0,0,40,39,0
42,4,245975,11,2,3,0,4,1,0,0,40,39,0
27,4,180262,15,4,4,1,4,0,0,0,40,39,0
51,4,263836,11,6,6,1,4,1,0,0,30,39,0
50,4,279461,15,2,14,0,4,1,0,0,40,39,1
20,5,245611,15,4,3,3,4,1,0,0,20,39,0
75,4,95985,4,6,8,4,2,1,0,0,10,39,0
31,7,26401,12,0,1,1,4,0,0,0,25,39,0
22,7,149342,15,4,6,3,4,1,0,0,35,39,0
20,2,38455,11,4,3,1,4,1,0,0,10,39,0
52,4,117700,11,0,1,1,4,0,0,0,40,39,0
54,4,154949,1,2,8,5,2,0,0,0,40,39,1
30,4,110594,11,0,1,3,4,0,0,0,40,39,0
31,2,144949,11,0,3,4,4,1,0,0,40,39,0
26,4,247025,11,2,14,0,4,1,0,0,65,39,0
39,6,251710,0,3,8,1,4,0,0,1721,15,39,0
20,4,203240,7,4,1,1,4,0,0,0,30,39,0
47,7,469907,7,2,11,0,4,1,0,1740,40,39,0
32,4,131379,11,4,8,3,4,0,0,0,40,39,0
28,6,107236,2,2,3,1,4,1,0,0,40,39,0
33,2,154874,15,2,11,0,4,1,0,0,40,39,0
65,4,123965,9,6,8,1,4,0,0,0,40,39,0
42,4,183096,15,0,4,3,4,0,0,0,40,39,0
36,4,192704,2,4,4,1,4,1,4650,0,50,39,0
45,6,210364,11,2,12,0,4,1,15024,0,80,39,1
39,4,188069,12,2,13,0,4,1,15024,0,50,39,1
27,4,311446,11,2,1,5,4,0,5178,0,40,39,1
37,6,24106,11,2,13,0,4,1,0,0,30,39,0
59,1,293971,15,2,13,0,4,1,0,0,40,39,1
52,4,146767,11,2,7,0,4,1,0,0,40,39,1
48,4,355781,9,2,10,0,1,1,0,0,40,19,1
58,6,95763,15,2,5,0,4,1,0,0,60,39,0
35,4,109204,9,2,14,0,4,1,0,0,40,39,0
22,4,412316,11,4,12,2,2,1,0,0,40,0,0
66,5,107627,11,2,12,0,4,1,0,0,60,39,1
65,5,103824,12,2,4,0,4,1,0,0,40,39,1
33,4,188352,12,4,10,1,2,1,0,0,50,39,0
29,4,194640,11,4,3,3,4,1,0,0,40,39,0
51,4,55507,11,2,3,0,2,1,0,0,40,39,0
50,2,172175,14,2,10,0,4,1,0,0,40,39,1
44,4,139338,2,0,14,4,2,1,0,0,40,39,0
54,4,99434,11,2,4,0,4,1,0,0,40,39,1
51,4,74275,11,2,7,0,4,1,0,0,40,39,0
27,4,213921,11,4,8,3,4,1,0,0,40,26,0
56,4,235136,5,2,1,0,4,1,0,0,40,6,0
32,4,364657,15,2,4,0,4,1,0,0,50,39,0
30,2,125159,9,4,10,1,2,1,14084,0,45,0,1
59,4,99131,11,6,10,1,4,0,0,0,18,39,0
40,4,196029,11,0,14,4,4,1,0,0,45,39,0
58,4,357788,11,2,3,0,2,1,0,0,40,39,0
83,5,153183,9,2,4,0,4,1,0,2392,55,39,1
25,4,193701,9,4,8,1,4,0,0,0,38,39,0
39,5,154641,11,0,3,4,4,1,0,0,60,39,0
52,4,235307,9,2,10,0,4,1,0,0,40,39,1
21,4,197387,11,4,6,3,4,1,0,0,20,39,0
21,4,204596,7,4,1,3,4,0,0,0,8,39,0
22,4,340217,15,4,12,1,4,0,0,0,20,39,0
35,4,111635,11,2,8,0,4,1,0,0,40,39,0
25,4,264055,9,4,1,3,4,1,0,0,40,39,0
34,4,104293,9,4,1,3,4,0,0,0,40,39,0
49,4,181717,8,5,10,3,4,0,0,0,36,39,0
52,2,155141,10,2,10,5,4,0,0,0,40,39,1
34,4,145231,11,2,1,5,4,0,4064,0,35,39,0
32,4,123964,15,2,12,0,4,1,4386,0,50,39,0
24,4,152540,9,0,14,4,4,0,0,0,40,39,0
51,4,93690,11,2,4,0,4,1,0,0,40,39,1
35,7,227128,11,0,3,3,4,1,0,0,40,39,0
42,0,167678,1,2,0,0,4,1,0,0,22,7,0
31,0,213771,11,6,0,4,4,0,0,0,36,39,0
68,4,217424,11,2,11,0,4,1,0,0,24,39,0
42,4,66755,5,2,3,0,3,1,0,0,40,39,0
46,4,53893,15,2,13,0,4,1,0,0,40,39,1
46,4,72896,7,2,3,0,4,1,0,0,45,39,0
39,4,184659,11,2,7,0,4,1,0,0,40,39,0
22,4,193090,11,4,12,1,4,0,0,0,37,39,0
40,7,59460,15,0,1,4,4,0,0,0,38,39,0
41,6,189941,9,4,4,1,4,1,0,0,40,39,0
28,4,330466,9,4,10,1,1,1,0,0,40,17,0
44,7,46221,10,4,10,1,4,1,0,0,45,39,1
40,4,137421,11,2,14,0,1,1,0,0,60,38,0
62,4,149617,15,6,4,1,4,0,0,0,16,39,0
38,7,352628,9,0,10,1,4,0,0,0,40,39,0
35,4,63921,11,2,7,0,4,1,0,0,40,39,0
33,4,56150,9,4,3,1,4,1,2174,0,40,39,0
23,0,134997,15,5,0,4,4,0,0,0,20,39,0
18,0,184101,15,4,0,3,4,1,0,0,25,39,0
60,6,95490,11,2,12,0,4,1,0,0,45,39,0
31,4,145377,9,2,12,0,4,1,0,0,60,39,0
42,4,163985,11,5,14,1,4,1,0,0,27,39,0
51,4,129301,6,2,14,0,4,1,0,0,45,39,0
24,4,537222,11,2,4,0,4,1,0,0,50,39,0
38,4,65466,9,4,1,1,4,0,0,0,50,39,0
33,4,93213,11,2,3,0,4,1,0,0,45,39,0
28,7,107218,9,4,13,3,1,1,0,0,20,39,0
41,2,66118,15,2,14,5,4,0,0,0,25,39,0
34,6,213226,9,2,4,0,4,1,0,1485,35,0,0
35,4,107302,9,2,12,0,4,1,0,0,40,39,1
35,4,187089,8,2,4,5,4,0,0,0,42,39,1
45,0,27184,11,6,0,4,4,0,0,0,38,39,0
33,4,182423,11,0,8,4,2,1,0,0,40,39,0
32,6,116834,11,2,8,5,4,0,0,0,5,0,0
50,2,153064,11,2,4,0,4,1,5178,0,40,39,1
27,7,222506,9,4,10,1,2,0,0,0,60,39,0
37,4,112497,9,2,12,0,4,1,0,0,60,39,0
55,4,98746,15,2,13,0,4,1,0,0,50,2,1
58,1,256466,12,2,13,0,1,1,7688,0,40,3,1
68,4,214521,14,6,10,4,4,0,0,0,16,39,0
39,4,67317,15,2,14,0,4,1,0,0,40,39,0
41,6,287037,11,2,10,0,4,1,0,0,40,39,0
51,1,163671,9,2,4,0,4,1,0,1902,40,39,0
39,4,188503,9,2,4,5,4,0,0,0,60,39,1
19,4,138760,11,4,7,3,4,1,0,0,40,39,0
49,4,162264,11,4,7,1,2,1,0,0,40,39,0
38,1,236648,11,2,3,0,4,1,0,0,40,39,0
19,4,287380,15,4,6,3,4,1,0,0,27,39,0
58,4,94429,15,2,3,0,4,1,0,0,40,39,1
30,2,102130,15,2,3,0,4,1,0,0,40,39,0
44,2,24982,15,2,4,0,4,1,0,0,40,39,1
38,4,227794,9,4,1,1,2,1,0,0,40,39,0
22,7,214731,15,4,1,1,4,0,0,0,15,39,0
41,4,200671,9,0,14,3,2,1,6497,0,40,39,0
42,5,557349,9,2,4,0,4,1,0,0,70,39,0
42,4,246011,9,2,10,5,4,0,0,0,55,39,0
52,4,176134,11,2,7,0,2,1,0,0,48,39,0
57,4,80149,9,2,4,0,4,1,0,1977,40,11,1
37,4,176756,15,2,1,0,2,1,0,1485,70,39,1
31,2,189269,11,4,11,3,4,1,0,0,40,39,0
31,4,111883,11,4,3,2,4,1,0,0,40,39,0
55,4,145214,15,0,1,4,4,0,4650,0,20,39,0
32,4,199416,9,2,10,0,4,1,0,0,40,39,0
51,4,203435,15,0,12,4,4,0,0,0,40,22,0
26,4,49092,11,2,3,0,4,1,0,0,40,39,0
23,4,244698,4,4,5,2,4,1,0,0,35,26,0
33,1,129707,15,4,4,1,4,1,0,0,50,39,0
45,4,363253,15,4,10,1,4,1,0,0,50,0,1
43,4,39581,11,4,8,1,2,0,0,0,45,39,0
67,4,219687,15,6,12,1,4,1,0,0,18,39,0
46,4,189762,7,4,13,1,4,1,0,0,56,39,0
60,4,132529,11,2,3,0,4,1,0,0,40,39,0
25,0,161235,8,4,0,3,4,1,0,0,90,39,0
31,4,258849,8,4,1,4,2,0,0,0,40,39,0
20,4,138768,11,4,14,3,4,1,0,0,30,39,0
48,4,158924,11,2,1,5,4,0,0,0,40,39,1
34,4,318641,9,2,4,0,2,1,0,0,45,39,1
50,4,77905,9,0,1,1,4,0,0,0,8,39,0
21,4,55465,7,4,8,2,4,1,0,0,15,39,0
24,4,198259,9,4,4,3,4,0,0,0,40,39,0
24,4,421474,9,2,12,0,4,1,0,0,40,39,0
61,0,584259,12,2,0,0,4,1,0,0,2,39,1
36,4,138441,15,4,7,3,4,1,0,0,40,39,0
17,4,268276,2,4,8,3,4,1,0,0,12,39,0
20,4,270517,11,4,8,3,4,0,0,0,40,26,0
21,4,311478,11,4,6,3,2,1,0,0,45,39,0
31,4,427474,1,2,8,0,4,1,0,2179,35,26,0
42,4,47012,9,2,14,0,4,1,0,0,40,39,0
42,4,27661,7,2,4,0,4,1,7298,0,50,39,1
30,4,77634,11,2,4,0,4,1,0,0,40,39,0
60,4,147473,11,2,12,0,4,1,0,0,40,39,0
56,1,156229,9,2,4,0,4,1,7688,0,40,39,1
37,4,248919,3,2,1,0,4,1,0,0,66,26,0
54,4,186224,12,4,10,1,4,1,0,0,40,39,1
21,4,301556,11,4,8,3,4,0,0,0,19,39,0
34,5,175761,9,2,10,0,4,1,0,0,60,39,1
60,6,166153,15,2,12,0,4,1,0,0,50,39,0
17,4,452406,1,4,12,3,2,0,0,0,15,39,0
25,4,126974,11,4,3,3,4,1,0,0,40,39,0
43,6,170230,9,4,12,1,4,0,0,0,60,39,0
55,6,145574,11,0,4,1,4,1,34095,0,60,39,0
23,4,109053,11,4,6,2,4,1,0,0,60,39,0
42,4,102988,12,2,10,0,4,1,0,0,55,7,1
48,7,106377,10,2,10,0,4,1,0,0,65,39,1
39,4,203204,7,2,1,5,4,0,0,0,25,39,1
30,4,149726,9,2,13,0,4,1,7688,0,40,39,1
34,4,209101,9,2,4,0,4,1,5178,0,55,39,1
26,4,243560,15,4,12,4,4,0,0,0,40,0,0
18,6,230373,1,4,8,3,4,0,594,0,4,39,0
22,4,200109,11,2,9,5,4,0,4508,0,40,39,0
25,2,336320,9,0,11,1,4,0,0,0,40,39,0
34,4,159303,12,4,10,3,4,0,0,0,30,39,0
47,4,59380,15,0,1,4,4,0,0,0,42,39,0
48,6,179337,11,2,3,0,4,1,0,0,60,9,0
42,4,190910,11,2,3,0,4,1,0,0,45,39,0
47,7,103743,5,2,14,0,4,1,0,0,40,39,0
47,4,247379,11,4,6,1,4,1,0,0,45,39,0
40,7,91949,10,4,10,1,2,0,0,0,40,39,0
28,4,69107,11,2,6,0,2,1,0,0,40,39,0
36,4,180686,11,2,3,0,4,1,0,0,45,39,1
43,4,398959,15,2,3,0,4,1,0,0,40,39,0
43,4,598606,6,5,6,4,2,0,0,0,50,39,0
55,4,102058,9,2,12,0,4,1,0,0,40,39,1
24,4,106085,11,4,8,3,2,1,0,1721,30,39,0
34,1,341051,12,2,1,0,4,1,0,0,50,39,1
72,0,194548,15,3,0,1,4,1,0,0,3,39,0
67,4,160456,1,6,8,1,4,0,0,0,40,39,0
33,4,189265,9,4,4,1,4,0,0,0,40,39,0
39,4,370795,11,4,1,4,2,0,0,0,40,39,0
32,7,92003,9,2,4,5,4,0,0,0,40,39,1
46,6,95256,11,0,14,1,4,1,0,0,50,39,0
63,2,86590,11,2,4,5,4,0,0,0,32,39,0
26,4,341672,15,4,1,2,1,1,0,0,60,19,0
56,6,170217,11,2,5,0,4,1,0,0,45,39,0
42,4,152889,0,2,3,0,4,1,0,0,45,39,0
38,6,176657,15,5,12,1,1,1,0,0,60,24,0
46,4,243190,11,2,1,5,4,0,7688,0,40,39,1
24,4,224785,9,4,12,1,4,1,0,1876,65,39,0
23,4,233711,11,2,8,0,4,1,0,0,50,39,0
32,4,282611,9,4,4,1,4,0,0,0,40,39,0
24,4,205839,15,4,6,3,4,1,0,0,40,39,0
54,2,108739,1,6,11,4,2,0,0,0,40,39,0
30,2,48542,2,2,1,5,4,0,0,0,40,39,0
35,4,238802,11,4,8,3,4,1,0,0,20,39,0
23,7,199915,11,4,8,3,4,0,0,0,21,39,0
77,6,34761,5,2,5,0,4,1,0,0,40,39,0
20,4,155818,11,4,8,3,4,0,0,0,20,39,0
29,4,174645,1,0,3,4,4,0,0,0,52,39,0
18,4,238867,1,4,6,3,4,1,0,1602,40,39,0
20,4,282604,15,4,6,2,4,1,0,0,20,39,0
65,6,144822,6,2,3,0,4,1,0,0,45,39,0
50,4,155434,11,2,6,0,4,1,0,0,40,39,1
30,4,251120,7,4,12,1,4,1,0,0,40,9,0
34,4,231238,11,2,7,0,2,1,0,0,40,39,0
45,4,98092,11,2,12,0,4,1,0,0,60,39,0
49,1,118701,11,0,1,4,2,0,0,0,40,39,0
39,4,56269,15,4,3,3,2,1,0,0,40,39,0
17,4,72321,1,4,8,2,4,0,0,0,12,39,0
32,6,220148,11,2,4,0,4,1,0,0,40,39,0
41,4,279297,11,4,12,1,2,0,0,0,60,39,0
49,4,176341,9,4,13,4,1,0,0,0,40,19,0
51,4,215404,9,2,10,0,0,1,15024,0,40,39,1
20,4,61777,15,2,12,0,4,1,0,0,30,39,0
36,4,218490,9,2,10,0,4,1,0,0,45,11,1
23,4,117583,11,4,3,3,4,1,0,0,40,39,0
43,7,598995,9,2,10,5,2,0,3103,0,40,39,1
21,4,283969,11,4,8,3,4,1,0,0,40,26,0
36,4,139743,15,6,10,3,4,0,0,0,40,39,0
27,4,211215,11,4,1,1,4,1,0,0,50,39,0
17,4,130125,0,4,8,3,0,0,1055,0,20,39,0
50,7,54709,11,0,1,4,4,0,0,0,46,39,0
21,0,369084,15,4,0,2,4,1,0,0,10,39,0
34,4,193285,11,2,6,0,4,1,0,0,40,39,0
32,4,313835,12,2,10,0,4,1,0,0,40,39,1
28,2,407672,9,4,10,1,4,0,0,0,40,39,0
23,4,353696,11,4,5,3,4,1,0,0,40,39,0
24,4,304463,15,2,3,0,4,1,0,0,65,39,0
40,4,224793,11,4,14,3,2,1,0,1719,40,39,0
26,0,104756,11,1,0,5,4,0,0,1651,42,39,0
77,0,185426,11,2,0,0,4,1,0,0,15,39,0
36,4,379522,11,2,3,0,4,1,15024,0,40,39,1
39,1,127048,15,4,4,4,4,0,0,0,40,39,0
42,1,65950,11,0,1,4,2,0,0,0,40,39,0
46,4,171095,7,0,12,4,4,0,0,0,38,39,0
40,4,329924,11,5,6,1,2,1,0,0,30,39,0
53,4,380086,11,2,4,0,4,1,7688,0,48,39,1
43,5,150533,11,2,12,0,4,1,0,0,68,39,1
46,4,102569,12,2,4,0,4,1,15024,0,65,39,1
40,4,277507,11,3,6,1,4,1,0,1669,40,39,0
34,4,290763,11,0,6,3,4,0,0,0,40,39,0
29,4,568490,11,2,3,0,4,1,0,0,40,39,0
52,4,177995,3,2,5,0,4,1,0,0,56,26,1
43,4,300528,15,2,14,0,4,1,0,0,40,39,0
24,4,266971,9,4,12,1,4,0,0,0,40,39,0
45,4,59287,9,2,4,0,4,1,0,0,40,39,0
39,4,113725,12,0,4,1,4,0,8614,0,40,39,1
32,4,217460,6,2,14,0,4,1,0,0,50,39,0
46,6,154083,12,4,4,1,4,1,0,0,25,39,0
26,4,160300,11,3,11,1,4,1,0,0,40,39,0
35,5,186488,11,2,8,0,4,1,0,0,50,33,0
25,7,203279,9,4,10,1,1,1,0,0,20,19,0
36,2,248263,11,4,10,1,4,0,0,0,40,39,0
27,4,472070,8,4,7,1,4,1,0,0,40,39,0
26,4,86872,11,2,14,0,4,1,0,0,40,39,1
60,4,200235,8,0,10,4,4,0,0,0,40,39,0
43,4,64631,11,2,4,0,4,1,15024,0,50,39,1
24,4,283757,9,4,1,3,4,1,0,0,39,39,0
53,4,22978,12,2,4,5,4,0,0,0,50,39,1
30,4,219110,11,2,3,0,4,1,0,0,46,39,0
55,7,111130,7,0,1,3,1,1,0,0,40,39,0
35,4,207676,15,4,6,3,2,1,0,0,40,39,0
48,4,97176,11,0,1,2,4,0,0,0,40,39,0
24,4,225724,9,4,1,3,4,0,0,0,20,39,0
36,4,185203,11,4,12,1,4,0,0,0,40,39,0
37,4,188377,11,4,7,1,2,1,0,0,40,39,0
43,2,67243,9,2,11,0,4,1,0,0,45,39,1
41,6,188738,11,0,3,4,4,1,0,0,27,39,0
47,4,340982,15,2,7,0,1,1,3103,0,40,30,1
29,4,199411,8,2,10,0,4,1,0,0,40,39,1
35,4,146091,15,4,1,1,4,0,0,0,40,39,0
33,6,222162,11,2,3,0,4,1,0,0,40,39,0
18,6,213024,15,4,5,3,4,1,0,0,30,39,0
56,4,314727,11,2,3,0,4,1,0,0,35,39,1
67,4,116502,11,2,12,0,4,1,0,0,30,39,0
48,4,108699,11,4,1,1,4,0,0,0,40,39,0
33,4,30612,15,2,12,0,4,1,0,0,40,39,0
21,4,186314,11,2,1,0,4,1,0,0,40,39,0
23,4,183327,11,4,3,3,2,0,0,1594,20,39,0
35,4,197719,15,4,7,2,0,1,0,0,40,39,0
50,5,447144,12,2,4,0,4,1,0,0,40,39,1
23,4,85139,11,4,1,1,4,0,0,0,40,39,0
50,4,38310,5,0,8,2,4,0,0,0,40,39,0
23,0,55492,8,4,0,1,0,0,0,0,30,39,0
40,4,520586,15,0,1,4,4,0,0,0,39,39,0
31,4,126501,15,2,3,0,4,1,0,0,40,39,0
33,6,188957,9,4,12,1,4,0,0,0,40,39,0
34,7,216283,9,2,10,5,4,0,0,0,45,39,1
29,4,115549,11,2,14,0,4,1,2635,0,40,39,0
47,4,164423,11,0,4,4,4,0,0,0,43,39,0
51,4,261207,11,2,8,0,4,1,0,0,40,5,1
45,4,379393,15,0,13,1,4,0,0,0,45,39,0
30,4,246439,15,0,1,4,4,1,0,0,40,39,0
26,4,75654,11,0,3,1,4,1,0,0,55,39,0
42,4,168515,8,0,10,1,4,0,0,0,40,39,0
41,6,344329,11,2,8,0,4,1,0,0,10,39,0
23,4,99408,15,0,1,3,4,0,0,0,40,39,0
31,4,217962,15,4,11,2,2,1,0,0,40,0,0
35,4,233786,11,4,3,4,4,1,0,0,40,39,0
60,4,199378,11,2,3,0,4,1,0,0,40,39,0
21,0,40052,15,4,0,1,4,1,0,2001,45,39,0
24,4,175778,9,4,4,1,4,0,0,0,40,39,0
33,1,198827,11,4,3,3,4,1,0,0,40,39,0
43,5,49249,7,2,4,0,4,1,0,0,50,39,1
32,7,177216,9,4,10,1,4,0,0,0,40,39,0
22,7,201569,9,4,10,3,4,0,0,0,20,39,0
61,4,227332,9,4,10,3,4,1,0,0,40,39,0
42,4,176286,7,2,4,0,4,1,0,0,40,39,1
22,1,277700,15,4,13,3,4,1,0,0,20,39,0
46,2,345911,15,0,14,1,4,0,0,0,40,39,0
40,4,193537,15,2,1,5,4,0,0,0,40,6,0
30,4,241885,15,2,5,0,4,1,0,0,40,39,0
55,4,117477,1,3,8,4,2,0,0,0,40,23,0
36,6,269509,11,0,12,1,4,1,0,0,35,39,0
50,4,313321,7,0,12,1,4,0,0,0,40,39,0
45,4,167381,11,0,12,4,4,0,0,0,32,39,0
51,4,41414,6,4,8,1,2,0,0,0,40,39,0
33,6,155151,15,2,12,0,4,1,0,1740,50,39,0
33,6,361497,11,4,10,1,4,1,0,0,40,39,0
36,4,207853,9,2,12,0,4,1,15024,0,65,39,1
33,4,56701,9,2,10,0,4,1,15024,0,75,39,1
35,4,422933,9,4,8,1,4,1,0,0,37,39,0
54,4,104421,15,0,1,1,4,0,0,0,40,39,0
34,4,154667,11,2,7,5,4,0,0,0,40,39,0
27,4,172009,9,4,4,1,4,0,0,0,40,39,0
39,4,257250,11,0,3,1,4,1,0,0,60,39,0
25,4,60726,11,2,14,0,2,1,0,0,30,39,0
47,4,60267,9,2,4,0,4,1,0,0,38,39,1
53,4,229465,12,2,4,0,4,1,0,0,55,39,1
41,1,56236,11,0,11,4,2,1,1506,0,40,39,0
40,4,477345,5,2,6,0,4,1,0,2057,40,26,0
50,4,24790,11,2,3,0,4,1,0,0,40,39,0
58,6,49884,11,2,5,0,4,1,0,0,50,39,0
55,4,183884,11,0,3,1,4,1,0,0,45,39,0
29,5,218555,12,4,10,3,4,1,0,0,40,39,0
51,4,176969,11,2,7,0,4,1,0,0,48,39,0
34,7,204461,12,2,10,0,4,1,0,0,50,39,1
32,4,328060,6,5,8,4,3,0,0,0,40,26,0
49,6,121238,15,4,3,4,4,1,0,0,40,39,0
24,4,33016,15,4,3,3,4,1,0,0,40,39,0
58,6,194733,15,2,10,0,4,1,0,0,45,39,0
46,4,173243,15,2,13,0,4,1,5178,0,40,39,1
48,6,175622,8,2,3,0,4,1,0,0,40,39,1
24,4,236769,7,4,4,3,4,1,0,0,40,39,0
31,4,77634,8,2,8,0,4,1,0,0,42,39,0
56,4,92215,6,0,3,1,4,0,0,0,40,39,1
35,4,148334,15,4,1,3,2,1,0,0,40,39,0
37,2,212005,8,2,4,0,4,1,0,0,40,39,1
46,4,212944,1,2,3,0,4,1,0,0,32,39,0
38,6,239045,10,2,10,0,4,1,0,0,50,39,1
21,0,228424,0,4,0,3,2,1,0,0,40,39,0
32,4,248754,15,2,7,0,4,1,0,0,40,39,0
32,4,74501,12,4,12,3,4,0,0,0,50,39,0
37,4,122493,11,2,14,0,4,1,0,0,45,39,0
31,4,188108,11,4,3,3,4,1,4101,0,40,39,0
28,4,595088,15,2,3,0,4,1,0,0,63,39,0
42,4,245626,11,2,3,0,0,1,0,0,60,39,0
53,4,129301,15,2,12,0,4,1,0,0,45,39,1
46,4,282538,8,5,7,1,2,0,0,0,40,39,0
27,4,194590,7,2,1,5,2,0,0,0,25,39,0
48,4,193047,12,2,4,0,4,1,0,0,60,39,1
29,0,191935,11,4,0,1,4,1,0,0,40,39,0
43,4,159549,9,2,4,0,4,1,0,1902,40,39,1
27,4,266973,11,2,3,0,4,1,0,0,60,39,0
36,4,167415,11,0,3,4,4,1,0,0,40,39,0
42,4,360879,15,2,3,0,4,1,0,0,40,39,0
18,0,220168,15,4,0,3,4,1,0,0,16,39,0
29,4,159768,11,4,7,1,4,1,3325,0,40,7,0
40,4,308027,11,6,8,4,2,0,0,0,40,39,0
23,4,195016,15,4,10,1,3,0,0,0,35,39,0
33,6,132565,1,2,3,0,4,1,0,0,40,39,0
40,2,74949,15,4,4,1,4,1,0,0,40,39,0
20,4,170038,11,4,12,1,4,0,0,0,40,39,0
38,4,218188,7,4,8,3,4,0,0,0,25,39,0
32,4,198068,11,2,3,0,4,1,0,0,40,39,0
38,4,149419,8,4,13,1,4,1,0,0,50,39,0
56,4,122390,8,2,12,0,4,1,15024,0,40,39,1
51,4,427781,11,2,14,0,2,1,0,0,40,39,0
42,7,126333,11,2,12,5,4,0,0,0,40,39,0
44,4,55191,14,4,10,1,2,0,0,0,40,39,0
52,4,155983,9,2,4,0,4,1,0,0,40,39,1
35,2,190226,11,4,11,3,4,1,0,0,40,39,0
31,4,191834,11,0,7,2,4,1,0,0,40,39,0
24,4,228395,9,4,12,3,2,0,0,0,40,39,0
40,2,183765,7,4,10,1,4,1,0,0,40,39,1
33,6,361497,11,2,3,0,4,1,0,0,40,39,0
64,7,184271,10,2,10,0,4,1,0,0,50,39,1
35,4,81232,9,2,12,0,4,1,15024,0,50,39,1
41,4,203943,2,2,11,0,2,1,0,0,40,0,0
34,4,148291,11,2,13,5,4,0,0,0,32,39,0
29,7,73928,9,4,10,3,1,0,0,0,15,39,0
43,6,198096,12,2,12,0,4,1,0,0,60,39,0
26,4,205036,11,4,6,1,4,1,0,0,42,39,0
40,4,110862,9,2,12,0,4,1,0,0,50,39,1
66,0,188842,9,2,0,0,4,1,0,0,24,39,0
32,4,198901,0,2,3,0,4,1,0,0,40,39,0
50,4,188186,12,0,12,1,4,0,0,1590,45,39,0
45,4,201080,15,2,12,0,4,1,0,0,60,39,1
23,4,162945,5,4,8,3,4,1,0,0,35,39,0
34,0,41493,9,0,0,3,4,0,0,0,40,39,0
37,4,175232,12,0,4,4,4,1,0,0,60,39,1
67,0,102693,11,6,0,1,4,1,1086,0,35,39,0
49,6,173411,11,0,12,1,4,1,0,0,40,39,0
68,4,211287,12,2,4,0,4,1,0,2392,40,39,1
19,4,249787,11,4,8,2,2,1,0,0,40,39,0
41,4,144144,11,4,6,4,2,0,0,0,30,39,0
22,0,374116,11,4,0,1,4,0,0,0,36,39,0
46,7,353012,11,2,14,0,4,1,0,0,40,39,0
38,4,64879,15,0,12,1,4,0,0,0,40,39,0
39,6,134475,9,0,1,1,4,1,0,1762,40,39,0
59,4,318450,9,2,4,0,4,1,0,0,50,39,1
37,4,279029,9,4,3,1,4,1,0,0,40,39,0
53,4,200576,1,0,3,2,4,0,0,0,40,39,0
63,4,339755,9,2,10,0,4,1,0,0,50,0,1
23,4,420973,9,4,10,1,4,0,0,0,40,39,0
48,4,160220,8,2,12,0,4,1,0,0,40,39,1
40,4,210013,11,2,14,0,4,1,0,0,50,39,0
36,4,145704,11,0,7,4,4,0,0,0,40,39,0
28,4,110145,6,2,7,0,4,1,0,0,40,39,0
39,6,289430,4,2,5,0,4,1,0,0,50,26,0
29,4,207473,5,2,14,0,4,1,0,0,40,26,0
33,4,142675,9,4,6,1,4,1,0,0,30,39,0
42,4,384236,12,2,10,0,4,1,7688,0,40,39,1
37,1,187046,15,2,10,0,4,1,0,0,40,39,1
33,2,217304,9,4,1,1,2,1,0,0,40,39,0
21,4,313873,4,4,6,1,4,1,0,0,40,26,0
17,4,169037,1,4,6,3,4,1,0,0,40,39,0
66,7,41506,0,0,8,1,2,0,0,0,40,39,0
52,6,242341,5,2,3,0,0,1,0,0,40,39,0
29,4,53434,8,2,4,0,4,1,0,0,60,39,1
51,1,140516,12,2,10,0,4,1,0,0,40,39,1
23,4,40165,15,4,10,1,4,0,0,0,50,24,0
35,4,103710,12,4,10,1,4,0,0,0,40,39,0
19,4,382688,0,4,6,1,4,1,0,0,20,39,0
41,0,213416,4,2,0,0,4,1,0,0,32,26,0
51,5,230095,8,4,1,3,4,0,0,0,40,39,0
33,4,213179,15,2,7,0,4,1,0,0,40,39,1
25,2,335005,9,4,10,1,4,1,0,0,35,22,0
52,6,154728,11,2,3,0,4,1,0,0,40,39,0
41,4,101739,7,2,4,5,4,0,0,0,50,39,1
23,4,53245,6,5,8,1,4,1,0,0,40,39,0
47,4,202117,11,0,12,1,4,0,0,0,37,39,0
30,2,44566,9,2,10,0,4,1,0,0,40,39,0
39,5,128715,11,2,4,0,4,1,0,0,45,39,1
29,4,296450,5,4,3,1,4,1,0,0,40,39,0
36,4,185607,11,4,8,4,4,0,0,0,30,39,0
28,4,68021,9,0,10,1,4,0,0,0,40,39,0
46,4,206889,9,6,1,1,4,0,0,0,25,39,0
63,4,205246,11,2,7,0,2,1,0,0,40,39,0
73,4,88594,11,0,4,1,4,0,0,0,35,39,0
34,4,177675,9,2,13,0,4,1,0,0,40,39,1
31,4,31286,8,0,3,1,4,1,0,0,40,39,0
35,4,215323,8,0,8,4,4,0,0,0,35,39,0
45,2,160173,12,2,4,0,4,1,7688,0,50,39,1
52,4,25826,0,2,3,0,4,1,0,1887,47,39,1
49,4,387074,15,2,12,0,4,1,0,0,40,39,0
35,6,103323,15,2,3,0,4,1,0,0,40,39,1
37,6,225860,7,3,5,1,4,1,0,0,50,39,0
45,0,144354,6,5,0,3,2,1,0,0,40,39,0
54,4,48358,11,2,3,0,4,1,0,0,40,39,1
19,0,768659,15,4,0,1,4,1,0,0,60,39,0
54,1,114674,15,2,4,0,4,1,0,0,40,39,1
84,0,157778,15,6,0,1,4,0,0,0,6,39,0
42,6,222978,10,4,10,1,4,0,0,0,45,39,0
54,4,230767,7,2,3,0,4,1,0,0,40,5,0
27,4,175262,9,4,4,3,4,1,0,0,40,39,0
43,4,347653,15,2,10,0,4,1,0,0,48,39,1
56,4,95763,0,0,3,1,4,1,0,0,45,39,0
34,2,31391,11,2,11,0,4,1,0,0,53,39,1
30,4,111567,15,2,3,0,4,1,0,0,40,39,1
44,6,53956,15,2,7,0,4,1,0,0,57,39,0
34,5,157466,11,2,1,0,4,1,0,0,45,39,0
35,4,149347,11,4,3,1,4,1,0,0,70,39,0
54,5,206862,11,2,4,0,4,1,0,0,36,39,1
49,2,59612,12,2,10,0,4,1,0,0,40,39,1
60,4,427248,11,0,1,1,4,0,0,0,40,39,0
23,4,73514,11,4,1,3,1,0,0,0,40,40,0
31,4,651396,11,4,12,3,4,0,0,1594,30,39,0
27,4,163127,8,2,1,5,4,0,0,0,35,39,0
32,4,168854,9,2,12,0,4,1,0,1848,50,39,1
68,4,176468,11,0,9,4,2,0,0,0,24,39,0
41,4,283174,9,2,3,0,4,1,99999,0,40,39,1
22,4,137876,15,4,11,1,4,1,0,0,20,39,0
49,4,193366,12,2,4,0,4,1,0,0,65,39,1
60,4,239576,12,2,14,0,4,1,0,0,10,39,0
35,4,117528,9,4,13,1,4,0,0,0,40,39,0
50,4,109277,6,2,7,0,4,1,0,0,48,39,0
48,4,128796,7,2,4,0,4,1,0,0,40,39,1
18,4,220754,1,4,6,3,4,1,0,0,24,39,0
21,4,85088,15,4,8,3,4,0,0,0,37,39,0
55,4,115439,15,2,10,0,4,1,0,0,40,39,1
27,4,159897,11,4,4,1,2,0,0,0,37,39,0
46,5,125892,9,2,10,0,4,1,0,1977,60,39,1
48,6,138069,4,2,3,0,4,1,0,2042,50,39,0
26,4,152035,11,4,1,3,4,0,0,0,40,39,0
64,4,181232,1,2,3,0,4,1,0,2179,40,39,0
54,5,117674,9,2,12,0,4,1,0,0,40,39,1
41,2,98823,9,2,10,0,4,1,0,0,50,39,0
23,4,39615,15,4,6,3,4,1,0,0,10,39,0
32,4,158438,11,0,14,3,4,1,0,0,40,39,0
46,4,155890,9,2,14,0,4,1,0,0,40,39,1
54,4,127704,5,5,3,1,4,1,0,0,40,39,0
29,2,181434,9,2,10,0,4,1,7298,0,40,39,1
54,4,409173,11,2,13,0,2,1,0,0,50,33,1
25,4,135568,11,2,6,0,4,1,0,0,40,39,0
56,4,101128,7,3,8,1,4,1,0,0,25,20,0
38,2,286405,10,2,4,0,4,1,0,1887,50,39,1
18,4,219841,1,4,6,3,4,1,0,0,12,39,0
52,4,321959,15,2,13,0,2,1,0,0,40,39,1
45,6,70754,14,2,10,0,4,1,7298,0,60,39,1
45,6,33234,9,2,12,0,4,1,0,0,40,39,1
34,4,139890,15,0,1,4,4,0,0,0,40,39,0
31,4,151053,15,2,14,0,4,1,0,0,34,39,0
36,4,186819,7,2,3,0,4,1,0,0,52,39,1
48,6,209146,11,2,14,0,4,1,0,0,60,39,0
62,1,52765,6,0,8,4,4,0,0,0,40,39,0
22,4,202153,15,4,8,3,4,0,0,0,40,39,0
51,4,144522,11,2,3,0,4,1,0,0,40,8,0
29,4,148550,11,2,3,0,4,1,0,0,40,39,0
19,4,43937,15,4,8,2,4,0,0,0,20,39,0
34,4,118710,11,4,6,1,4,1,0,0,40,39,0
20,4,217421,11,2,1,2,4,0,0,0,40,39,0
74,4,99183,15,0,1,1,4,0,0,0,9,39,0
38,4,204640,15,6,1,4,2,0,0,0,40,39,0
30,2,211654,12,2,10,0,4,1,0,0,40,39,1
35,4,206951,12,2,12,0,4,1,0,0,40,39,1
21,4,138580,2,4,7,1,2,0,0,0,40,39,0
19,4,209826,15,4,12,3,4,0,0,0,15,39,0
36,4,214807,11,0,8,4,4,0,0,0,40,39,0
23,4,188950,8,4,12,3,4,1,0,0,40,39,0
32,4,311524,11,4,3,3,2,1,0,0,38,39,0
31,4,178506,15,4,1,4,2,0,0,0,40,39,0
41,6,38876,8,2,5,0,4,1,0,0,60,39,0
24,4,50341,9,4,1,1,4,0,0,0,40,39,0
56,2,238582,15,2,3,0,4,1,0,0,41,39,1
64,2,50442,6,4,1,2,4,1,0,0,40,39,0
31,4,118941,15,4,4,1,4,0,0,0,40,39,1
36,7,47570,12,4,10,1,4,0,0,0,40,39,0
48,7,77102,10,2,10,0,4,1,0,0,45,39,1
35,4,102268,9,2,4,0,4,1,0,0,45,39,0
20,4,221661,11,2,1,5,4,0,0,0,40,26,0
26,7,68346,12,4,10,1,4,1,0,0,10,0,0
29,4,154017,11,4,12,1,4,0,0,0,10,39,0
60,4,31577,11,2,14,0,4,1,0,0,60,39,1
37,4,234807,9,0,4,4,4,0,7430,0,45,39,1
50,4,195638,0,5,1,4,4,0,0,0,40,39,0
65,4,176219,11,3,8,1,1,1,0,0,40,35,0
34,4,136721,11,0,4,1,4,0,0,0,40,39,0
39,2,203482,12,2,10,0,4,1,7298,0,40,39,1
33,7,292317,6,2,5,0,4,1,0,0,40,39,0
38,4,165930,11,2,3,0,4,1,0,0,40,39,0
36,6,344351,11,4,14,3,4,1,0,0,40,39,0
23,4,185452,9,4,4,1,4,0,0,0,35,2,0
56,4,329948,11,2,12,0,4,1,0,0,40,39,0
65,6,111916,14,2,4,0,4,1,0,0,10,39,1
63,0,310396,6,2,0,0,4,1,5178,0,40,39,1
36,4,189674,15,5,8,2,2,0,0,0,40,39,0
36,7,37931,11,2,11,0,4,1,0,0,48,39,1
29,4,53642,8,2,1,0,4,1,0,0,40,39,0
22,2,289982,9,4,10,3,4,0,0,0,35,39,0
23,4,119838,9,4,10,3,4,1,0,0,50,39,0
30,4,299223,15,0,12,4,0,0,0,0,40,39,0
62,6,168682,5,2,12,0,4,1,0,0,5,39,0
41,4,233955,12,2,10,0,1,1,0,0,45,3,1
31,4,208881,15,2,3,0,4,1,0,0,40,39,0
33,4,292465,6,2,7,0,4,1,0,0,50,39,0
58,4,126104,12,0,1,1,4,0,0,1980,45,39,0
51,1,72436,11,2,4,0,4,1,0,0,57,39,1
66,4,127921,11,4,14,1,4,1,2050,0,55,39,0
33,6,303867,11,2,12,0,4,1,0,0,70,39,1
27,4,133937,12,4,12,3,4,1,0,0,40,39,0
24,4,314165,15,4,4,3,4,1,0,0,20,39,0
29,4,231507,11,4,3,1,4,1,0,0,35,39,0
21,4,161415,15,4,3,1,4,1,0,0,50,39,0
23,4,109952,15,2,3,0,4,1,0,0,60,39,0
36,4,83471,11,6,8,4,1,0,0,0,20,39,0
47,4,180277,11,2,1,5,4,0,0,0,40,18,0
55,4,125147,11,2,4,0,4,1,0,0,45,39,1
53,4,182186,6,2,8,0,4,1,0,0,40,6,0
33,4,181824,11,2,12,5,4,0,0,0,20,39,0
46,4,56482,15,4,4,1,2,1,0,0,40,39,0
41,1,219155,14,2,10,0,4,1,0,0,50,19,1
29,4,192283,15,4,8,2,4,0,0,0,20,39,0
23,4,494371,11,4,6,3,4,1,0,0,40,39,0
59,0,556688,6,0,0,1,4,0,0,0,12,39,0
31,4,257849,11,2,4,0,4,1,0,0,40,39,0
22,4,440934,15,4,12,4,4,1,0,0,40,39,0
25,1,198813,9,4,1,4,2,0,0,1590,40,39,0
39,4,176186,15,2,5,0,4,1,0,0,50,39,1
28,4,187981,11,2,7,0,4,1,0,0,40,39,0
56,2,267763,11,2,8,0,4,1,0,0,40,39,0
35,4,340018,0,4,8,4,2,0,0,0,38,39,0
24,0,172152,9,4,0,1,1,1,0,0,25,36,0
28,4,54042,8,4,8,1,4,0,2463,0,35,39,0
50,4,176773,13,2,5,0,2,1,0,0,40,14,0
24,4,194848,9,4,13,3,4,1,0,0,40,39,0
45,7,190406,14,0,10,4,2,1,25236,0,36,39,1
30,4,203277,11,2,11,0,4,1,0,0,60,39,1
60,4,389254,11,2,12,0,4,1,0,0,40,39,1
44,4,228516,11,4,8,4,4,1,0,0,20,32,0
18,4,36275,11,4,3,3,4,1,0,0,25,39,0
23,4,60409,11,4,4,1,4,0,0,0,40,39,0
82,6,240491,11,2,3,0,4,1,0,0,40,5,0
33,4,34572,11,2,12,0,4,1,0,0,40,39,0
36,4,170376,11,2,3,0,4,1,0,0,45,39,1
37,4,212437,15,6,7,4,2,0,0,0,48,39,0
43,4,88233,15,2,14,0,4,1,0,0,60,39,0
56,4,147653,11,0,1,4,4,0,0,0,32,39,0
58,4,430005,0,2,14,0,4,1,0,0,50,39,1
33,4,186824,1,2,3,0,4,1,0,0,40,39,0
52,4,196504,5,2,6,0,4,1,0,0,40,39,0
57,4,143266,9,2,4,0,4,1,7298,0,60,0,1
50,4,71417,11,2,3,0,4,1,3103,0,40,39,1
25,4,632834,11,4,3,3,2,1,0,0,40,39,0
55,5,67433,11,2,4,0,4,1,0,0,60,39,0
22,4,124810,11,4,12,3,4,0,0,0,20,39,0
58,4,289364,15,2,4,0,4,1,7688,0,45,39,1
32,4,79586,9,2,10,0,1,1,0,0,40,19,0
29,4,360401,15,4,6,3,4,1,0,1719,48,39,0
44,4,36271,9,2,3,0,4,1,0,0,40,39,0
25,4,74977,15,2,1,5,4,0,0,0,40,39,0
47,4,188694,12,2,10,0,4,1,15024,0,45,39,1
40,4,216237,9,0,4,1,4,0,0,0,45,39,1
23,0,214542,9,4,0,3,4,1,0,0,42,39,0
54,1,21698,9,0,4,4,4,0,0,0,40,39,0
22,4,89991,15,4,8,3,4,0,0,0,11,39,0
47,4,179955,15,6,14,4,4,0,0,0,25,28,0
70,4,236055,5,6,8,1,4,0,0,0,35,39,0
38,4,180303,9,2,4,0,1,1,0,0,50,24,1
26,4,169100,11,0,7,1,4,1,0,0,40,39,0
17,4,317702,6,4,8,3,2,0,0,0,40,39,0
18,4,183824,2,4,8,3,4,1,0,0,30,39,0
28,4,715938,9,4,3,3,2,1,0,0,40,39,0
45,2,167159,9,2,11,0,4,1,0,0,50,39,1
55,4,174662,11,2,14,0,4,1,0,0,32,39,0
49,6,192203,6,2,3,0,4,1,0,0,40,2,0
53,4,114758,12,2,4,0,4,1,15024,0,65,39,1
30,4,255004,7,0,12,1,4,1,0,0,52,39,0
35,1,110188,9,2,10,0,1,1,0,0,40,40,0
34,4,27494,11,0,3,1,0,1,0,0,48,39,1
42,4,20809,11,0,3,1,4,1,0,0,75,39,1
27,4,210313,11,2,12,0,4,1,0,0,50,13,0
27,2,200492,9,4,10,3,4,0,0,0,40,39,0
50,6,124793,15,2,3,0,4,1,0,0,55,39,0
45,7,231013,9,0,11,1,4,1,0,0,40,39,0
66,4,115498,9,2,4,0,4,1,99999,0,55,0,1
42,4,109501,4,5,6,4,4,0,0,0,40,39,0
19,4,138917,15,4,12,3,2,0,0,0,20,39,0
68,4,34887,11,6,9,1,4,0,0,0,6,39,0
34,2,108247,15,2,4,0,4,1,0,0,45,39,1
20,4,204596,2,4,1,3,4,0,0,0,20,39,0
74,6,392886,11,6,5,1,4,0,0,0,14,39,0
27,4,428030,9,4,3,1,4,1,0,0,50,39,0
26,4,68895,11,4,1,1,4,1,0,0,50,26,0
38,6,166497,14,4,10,1,4,1,0,0,60,39,1
55,1,113398,15,4,1,4,4,1,0,0,40,39,0
57,4,317969,11,2,4,0,4,1,0,0,50,39,0
37,4,526968,12,4,10,1,4,0,0,0,38,39,1
47,4,148995,9,2,4,0,4,1,0,2415,60,39,1
60,4,36077,5,3,7,1,4,1,0,0,40,39,0
31,2,402089,11,0,1,4,4,0,0,0,40,39,0
19,4,355313,11,4,7,1,4,0,0,0,40,39,0
18,0,236090,11,4,0,3,4,0,0,0,40,39,0
43,4,214781,15,4,1,4,4,1,0,0,38,39,1
47,2,40690,15,0,3,1,4,1,0,0,40,39,0
44,6,122749,11,2,3,0,4,1,0,0,35,11,0
19,4,299050,15,4,1,3,4,1,0,0,20,39,0
52,4,231865,11,2,1,0,4,1,0,0,46,39,0
25,7,295912,15,4,3,1,4,1,0,0,20,39,0
23,4,182342,11,4,3,1,4,1,0,0,40,39,0
45,4,350440,11,2,4,0,1,1,0,0,40,39,1
33,4,409172,9,2,4,3,4,1,0,0,55,39,0
18,4,395026,1,4,8,3,4,1,0,0,12,39,0
34,4,152453,2,2,3,0,4,1,0,0,40,13,0
37,4,308691,9,2,3,0,4,1,0,0,45,39,1
48,6,328606,14,0,10,4,4,1,14084,0,63,39,1
44,4,52028,3,2,8,5,1,0,0,0,40,40,0
44,2,145522,12,4,10,1,4,0,0,0,40,39,0
35,4,143152,15,2,1,5,4,0,3908,0,27,39,0
29,7,133846,15,4,8,3,4,0,0,0,40,39,0
30,2,226443,12,2,10,0,4,1,0,1887,45,39,1
49,6,122584,5,2,12,0,4,1,0,0,40,39,0
21,4,152389,15,4,8,1,2,0,0,0,30,39,0
19,2,43921,15,4,7,1,4,1,0,0,40,39,0
29,4,192010,9,4,10,1,4,0,0,0,60,31,0
45,5,36228,9,2,5,0,4,1,4386,0,35,39,1
30,4,231263,11,2,12,0,4,1,0,0,40,39,0
39,2,189911,1,0,1,4,4,0,0,0,40,39,0
24,4,161092,9,4,4,3,4,1,0,0,40,39,0
42,6,140915,11,2,12,0,1,1,0,0,60,35,0
53,0,135105,9,0,0,1,4,0,0,0,50,39,0
51,4,45599,11,0,10,1,4,1,0,0,40,39,0
17,4,221797,2,4,1,3,4,0,594,0,20,39,0
54,4,140359,5,0,7,4,4,0,0,3900,40,39,0
36,4,66173,9,4,1,1,4,0,0,0,50,39,0
35,4,268661,15,2,12,0,4,1,0,0,50,39,0
32,4,154120,11,2,8,0,4,1,0,0,40,38,0
38,4,364782,11,2,3,0,4,1,0,0,40,39,1
43,4,106900,9,2,7,0,4,1,0,0,40,39,0
46,4,67001,10,2,10,0,4,1,0,0,40,39,1
42,5,443508,10,2,10,0,4,1,0,0,45,39,1
25,7,230200,9,2,8,5,4,0,0,0,40,39,0
53,0,133963,11,0,0,1,4,0,0,0,40,39,0
46,5,201865,14,2,10,0,4,1,0,0,60,39,1
46,4,231515,7,4,1,1,4,0,0,0,47,5,0
24,4,321763,11,4,4,1,4,1,0,0,38,39,0
50,4,226735,15,2,11,0,2,1,0,0,70,39,1
38,4,65624,11,0,4,1,4,1,0,0,40,39,0
32,4,299635,15,2,4,0,4,1,0,0,50,11,0
34,4,205152,11,2,6,0,4,1,0,0,40,39,0
42,4,222884,9,4,4,1,4,1,0,0,55,39,1
31,4,101266,7,2,3,0,4,1,0,0,40,39,0
33,2,161942,9,4,1,1,4,0,1055,0,40,39,0
35,2,216068,11,5,1,4,4,0,0,0,38,39,0
33,6,182556,2,4,14,1,4,1,0,0,40,39,0
46,4,208067,11,0,3,2,4,1,0,0,40,39,0
50,4,98954,15,2,5,0,4,1,0,0,40,39,1
62,4,122033,11,6,1,1,4,0,0,0,38,39,0
51,4,124963,9,2,12,0,4,1,0,0,40,39,1
28,4,184831,15,4,3,4,4,1,0,0,40,39,0
21,4,38772,15,4,12,3,4,1,0,0,20,39,0
60,4,142494,15,2,4,0,4,1,15024,0,40,39,1
69,7,170458,11,2,8,0,4,1,0,0,20,39,0
50,5,240374,12,2,12,0,4,1,0,0,40,39,1
18,4,191784,11,4,11,1,4,1,0,0,40,33,0
21,4,153209,15,2,7,0,4,1,0,0,40,39,0
51,4,179479,11,6,4,1,4,0,3325,0,40,41,0
47,6,61885,9,2,12,0,4,1,0,0,40,39,1
20,0,162945,15,4,0,3,4,1,0,0,40,39,0
46,2,313635,14,5,10,1,2,1,4650,0,40,39,0
63,5,110610,0,2,5,0,4,1,0,0,50,39,0
47,4,162034,9,2,12,0,4,1,0,0,70,39,0
20,4,216436,9,4,12,2,2,0,0,0,30,39,0
34,4,124569,15,0,1,1,4,0,0,0,40,39,0
25,4,125082,11,4,6,3,2,0,0,0,40,39,0
61,5,156653,11,0,12,1,4,1,0,0,55,39,0
30,4,145231,7,0,1,3,4,0,0,1762,40,39,0
40,4,180032,12,4,10,1,4,0,0,1669,40,39,0
23,4,37894,11,5,8,3,4,0,0,0,40,39,0
32,4,250853,8,0,1,1,4,1,0,0,40,39,0
52,4,233149,12,2,12,0,4,1,15024,0,40,39,1
45,4,192360,12,2,4,0,4,1,0,1902,50,39,1
46,4,102771,12,2,13,0,4,1,0,1977,40,39,1
47,1,160646,8,2,1,5,4,0,0,0,35,39,0
35,4,110538,11,2,8,0,4,1,0,0,55,39,0
37,4,95336,0,4,7,1,4,1,0,0,65,39,0
30,4,129707,9,2,10,0,4,1,99999,0,35,39,1
32,2,223267,12,2,10,0,4,1,0,0,48,39,0
25,7,260754,9,4,11,1,2,1,0,0,40,39,0
60,2,212856,12,2,10,0,4,1,0,0,40,0,1
50,2,220640,12,0,10,1,0,0,0,0,50,39,1
17,4,271837,15,4,3,3,4,1,0,0,16,39,0
45,4,115187,8,0,7,3,4,0,0,0,40,39,0
32,1,191385,7,0,11,1,4,1,2174,0,40,39,0
26,4,152855,11,4,4,3,3,0,0,0,40,26,0
41,4,172828,6,2,8,0,4,1,0,0,55,28,0
33,4,202046,9,2,4,0,4,1,0,0,45,39,1
31,4,165949,11,0,8,4,4,0,0,0,40,39,0
48,5,191277,8,2,4,0,4,1,0,0,50,39,1
37,4,112554,11,2,12,0,4,1,0,0,45,39,0
30,6,455995,1,4,3,1,4,1,0,0,45,39,1
39,4,269323,15,2,4,0,4,1,0,0,40,39,1
59,6,98418,11,2,5,0,4,1,0,0,20,39,0
26,4,213412,1,2,3,0,4,1,0,0,40,39,0
30,4,205204,11,4,1,3,4,0,0,0,40,39,0
39,4,154641,8,2,1,0,4,1,0,0,40,39,0
29,1,185670,9,2,10,0,4,1,0,0,40,39,0
68,5,140852,11,2,12,0,4,1,0,0,40,39,0
33,1,348491,15,2,4,5,2,0,0,0,40,39,1
51,2,134808,11,6,8,4,4,0,0,0,40,39,0
49,4,547108,9,2,13,0,1,1,15024,0,40,0,1
58,4,150560,9,0,1,1,4,0,14084,0,40,39,1
44,2,366180,9,4,10,1,4,1,0,0,50,39,0
44,6,158555,15,2,4,0,4,1,0,0,50,39,1
29,4,35032,11,2,3,0,4,1,0,0,40,39,0
50,4,200046,12,2,4,0,4,1,0,0,50,39,1
31,4,214235,11,2,8,0,4,1,0,0,65,39,0
26,4,209051,15,4,6,1,4,1,0,0,25,39,0
63,5,272425,8,2,4,0,4,1,0,0,40,39,1
17,6,103851,1,4,10,3,4,0,0,0,4,39,0
29,4,42881,9,2,4,5,4,0,0,0,40,39,1
24,4,195770,15,4,4,3,4,1,0,0,40,39,0
56,4,359972,15,0,3,1,4,1,0,0,40,39,0
37,4,78374,11,2,1,5,1,0,0,0,38,24,0
41,4,67065,8,2,12,0,4,1,0,0,40,39,0
27,4,321456,15,2,11,0,4,1,0,0,40,39,0
40,4,184682,15,0,1,4,4,0,0,0,40,39,0
17,4,19752,1,4,8,3,2,0,0,0,25,39,0
24,4,441700,9,4,13,3,4,1,0,0,40,39,0
21,0,314645,15,4,0,1,4,0,0,0,43,39,0
58,2,34878,9,0,10,1,4,0,0,0,50,39,0
22,4,34616,15,4,12,1,4,0,0,0,30,39,0
26,4,168552,11,0,4,4,4,0,0,0,40,39,0
17,0,35603,1,4,0,3,4,0,0,0,16,39,0
23,0,238087,15,4,0,3,4,1,0,0,30,39,0
51,4,89652,11,0,1,4,4,0,4787,0,24,39,1
44,4,144067,9,0,1,1,4,1,0,0,12,0,0
26,6,192652,15,4,4,4,4,1,0,0,15,39,0
30,4,197058,7,4,10,1,4,0,0,0,40,39,0
46,5,191978,12,2,4,0,4,1,0,2392,50,39,1
